screen_name,برچسب نهایی,has_profile,has_tweet,has_temporal,has_complete_temporal,has_graph,modality_pattern
ahmad_313m,human(2),True,True,True,True,False,Profile + Tweet + Temporal
samsarbazvatan,bot(1),True,True,True,True,False,Profile + Tweet + Temporal
cryptosamz,human(2),True,True,True,True,True,Profile + Tweet + Temporal + Graph
sepiedhia,human(2),True,True,True,True,True,Profile + Tweet + Temporal + Graph
777Masiha,bot(1),True,True,False,False,False,Profile + Tweet
unikador,human(2),True,True,False,False,False,Profile + Tweet
ServinPooryamin,human(2),True,True,True,True,False,Profile + Tweet + Temporal
HAXTAX0,can’t find,True,True,True,True,False,Profile + Tweet + Temporal
mostafamehraeen,human(2),True,True,True,True,True,Profile + Tweet + Temporal + Graph
shahira60210003,bot(1),True,True,False,False,False,Profile + Tweet
ggehhry2,human(2),True,True,True,True,True,Profile + Tweet + Temporal + Graph
AngelOnDuty06,bot(1),True,True,True,True,False,Profile + Tweet + Temporal
Alex47778556934,human(2),True,True,False,False,True,Profile + Tweet + Graph
NaaserXA,human(2),True,True,True,True,True,Profile + Tweet + Temporal + Graph
MuradyDiako,human(2),True,True,True,True,True,Profile + Tweet + Temporal + Graph
DamDami,human(2),True,True,True,True,False,Profile + Tweet + Temporal
Hosseinla1,human(2),True,True,True,True,False,Profile + Tweet + Temporal
etelaf10,News Agent(3),True,True,True,True,True,Profile + Tweet + Temporal + Graph
hoda2728,human(2),True,True,True,True,False,Profile + Tweet + Temporal
Verethragnan,human(2),True,True,True,True,False,Profile + Tweet + Temporal
Mahnush_A,human(2),True,True,True,True,False,Profile + Tweet + Temporal
kaykhosrow5,human(2),True,True,True,True,True,Profile + Tweet + Temporal + Graph
Roshanaeii,human(2),True,True,True,True,False,Profile + Tweet + Temporal
keyonek1,human(2),True,True,False,False,False,Profile + Tweet
AriaOmid,human(2),True,True,True,True,False,Profile + Tweet + Temporal
REGIME_CHANGE03,News Agent(3),True,True,True,True,True,Profile + Tweet + Temporal + Graph
hossein_d15,human(2),True,True,True,True,False,Profile + Tweet + Temporal
beni_ta1,human(2),True,True,True,True,False,Profile + Tweet + Temporal
Marie36822764,bot(1),True,True,True,True,False,Profile + Tweet + Temporal
MazdakBAMDADAN2,human(2),True,True,True,True,False,Profile + Tweet + Temporal
AlinejadMasih,human(2),True,True,True,True,True,Profile + Tweet + Temporal + Graph
PIISHGOO,bot(1),True,True,True,True,False,Profile + Tweet + Temporal
JananKhorram,human(2),True,True,False,False,True,Profile + Tweet + Graph
JBehieh,human(2),True,True,True,True,True,Profile + Tweet + Temporal + Graph
nimania,human(2),True,True,True,True,False,Profile + Tweet + Temporal
IranImmortals,human(2),True,True,True,True,True,Profile + Tweet + Temporal + Graph
akhtar1989,human(2),True,True,True,True,False,Profile + Tweet + Temporal
Asadi222Mehrdad,human(2),True,True,False,False,True,Profile + Tweet + Graph
Angel71as,human(2),True,True,True,True,False,Profile + Tweet + Temporal
RealAliJalali,News Agent(3),True,True,True,True,False,Profile + Tweet + Temporal
majidazarpey,human(2),True,True,True,True,True,Profile + Tweet + Temporal + Graph
ZaneSharghi1358,human(2),True,True,False,False,False,Profile + Tweet
hightesla,bot(1),True,True,True,True,False,Profile + Tweet + Temporal
enferadi_shode,human(2),True,True,False,False,False,Profile + Tweet
Mahizadyaar,human(2),True,True,True,True,True,Profile + Tweet + Temporal + Graph
iranianpappppi3,human(2),True,True,True,True,False,Profile + Tweet + Temporal
MbShahnaz,human(2),True,True,True,True,False,Profile + Tweet + Temporal
upuouo,bot(1),True,True,True,True,False,Profile + Tweet + Temporal
kiaAbi444,human(2),True,True,True,True,False,Profile + Tweet + Temporal
TheBalochWorld,unverified(4),True,True,True,True,False,Profile + Tweet + Temporal
voltaireiran,human(2),True,True,True,True,False,Profile + Tweet + Temporal
saiedshemirani,human(2),True,True,True,True,False,Profile + Tweet + Temporal
naslsokhteh60,human(2),True,True,True,True,False,Profile + Tweet + Temporal
ParthianE,can’t find,True,True,True,True,False,Profile + Tweet + Temporal
Silmaethdante,human(2),True,True,True,True,False,Profile + Tweet + Temporal
amoopoya,human(2),True,True,True,True,False,Profile + Tweet + Temporal
Maryam_Rajavi_P,human(2),True,True,True,True,False,Profile + Tweet + Temporal
saman_sarraf,human(2),True,True,False,False,True,Profile + Tweet + Graph
koteh_bamishi,human(2),True,True,False,False,True,Profile + Tweet + Graph
Sheyda_RI,human(2),True,True,True,True,True,Profile + Tweet + Temporal + Graph
Mayekhal,human(2),True,True,False,False,False,Profile + Tweet
AYAyatollahi,human(2),True,True,True,True,False,Profile + Tweet + Temporal
ab_ganji,human(2),True,True,True,True,True,Profile + Tweet + Temporal + Graph
AghayeThomas,unverified(4),True,True,True,True,True,Profile + Tweet + Temporal + Graph
nejatbahrami,human(2),True,True,True,True,True,Profile + Tweet + Temporal + Graph
Iran_Mehr_2016,human(2),True,True,True,True,False,Profile + Tweet + Temporal
Fariba60867811,human(2),True,True,True,True,True,Profile + Tweet + Temporal + Graph
obeydzacany,bot(1),True,True,True,True,False,Profile + Tweet + Temporal
Nazdooneh76,unverified(4),True,False,True,True,False,Profile + Temporal
GhassemiAbi,human(2),True,True,False,False,False,Profile + Tweet
r_rahimpour,can’t find,True,True,True,True,True,Profile + Tweet + Temporal + Graph
re1001za,human(2),True,True,True,True,False,Profile + Tweet + Temporal
zarin_farzad,human(2),True,True,True,True,False,Profile + Tweet + Temporal
yYh8x5hC6nxh1Wd,bot(1),True,True,True,True,True,Profile + Tweet + Temporal + Graph
SoleymaniAzadeh,bot(1),True,True,False,False,False,Profile + Tweet
Tondbad3,bot(1),True,True,True,True,True,Profile + Tweet + Temporal + Graph
Reza__Soleimani,human(2),True,True,False,False,True,Profile + Tweet + Graph
Nasim_zephyr,bot(1),True,True,False,False,False,Profile + Tweet
iraj63569385,human(2),True,True,True,True,True,Profile + Tweet + Temporal + Graph
IsraelPersian,News Agent(3),True,True,True,True,True,Profile + Tweet + Temporal + Graph
FarbodArian,human(2),True,True,True,True,True,Profile + Tweet + Temporal + Graph
shooresh57,human(2),True,True,True,True,True,Profile + Tweet + Temporal + Graph
MohammadLak79,can’t find,True,True,True,True,True,Profile + Tweet + Temporal + Graph
osyangary,human(2),True,True,True,True,True,Profile + Tweet + Temporal + Graph
BehzadZara,bot(1),True,True,True,True,False,Profile + Tweet + Temporal
LightofRev,human(2),True,True,True,True,False,Profile + Tweet + Temporal
milaniabbas,bot(1),True,True,False,False,True,Profile + Tweet + Graph
Javiiiid_97,unverified(4),True,False,True,True,False,Profile + Temporal
mashrotehorg,human(2),True,True,False,False,False,Profile + Tweet
HatIsRed,human(2),True,True,False,False,False,Profile + Tweet
GIV2021,bot(1),True,True,True,True,True,Profile + Tweet + Temporal + Graph
KathyMobarez,bot(1),True,True,True,True,False,Profile + Tweet + Temporal
hamalilalin,unverified(4),True,True,True,True,True,Profile + Tweet + Temporal + Graph
dkhos,human(2),True,True,True,True,False,Profile + Tweet + Temporal
Gard_e_Javidan,human(2),True,True,False,False,False,Profile + Tweet
amin1917,human(2),True,True,True,True,False,Profile + Tweet + Temporal
israelrouydad,human(2),True,True,False,False,False,Profile + Tweet
liwooom,human(2),True,True,True,True,False,Profile + Tweet + Temporal
MRYAZDAN,human(2),True,True,True,True,True,Profile + Tweet + Temporal + Graph
PeaceHappyJoy,human(2),True,True,False,False,False,Profile + Tweet
aalchaa,human(2),True,True,True,True,False,Profile + Tweet + Temporal
tanhayektiger,human(2),True,True,False,False,True,Profile + Tweet + Graph
king_Sarab47,human(2),True,True,True,True,False,Profile + Tweet + Temporal
SamanthaIrani,human(2),True,True,True,True,True,Profile + Tweet + Temporal + Graph
dariush1399,unverified(4),True,True,True,True,False,Profile + Tweet + Temporal
jalovemila,bot(1),True,True,True,True,False,Profile + Tweet + Temporal
khalaji_mehdi,human(2),True,True,True,True,True,Profile + Tweet + Temporal + Graph
foadshams,human(2),True,True,True,True,True,Profile + Tweet + Temporal + Graph
shahnazteherani,human(2),True,True,True,True,True,Profile + Tweet + Temporal + Graph
JamesDeanUFO,human(2),True,True,True,True,False,Profile + Tweet + Temporal
AmiinMosavii94,human(2),True,True,True,True,False,Profile + Tweet + Temporal
Armanjasoor,bot(1),True,True,True,True,False,Profile + Tweet + Temporal
estemnayi1,human(2),True,True,True,True,False,Profile + Tweet + Temporal
ShawnaAzad2,human(2),True,True,True,True,False,Profile + Tweet + Temporal
khormal0098,human(2),True,True,True,True,False,Profile + Tweet + Temporal
kharmagas_UK,human(2),True,True,True,True,True,Profile + Tweet + Temporal + Graph
Dokhi_sag,human(2),True,True,True,True,True,Profile + Tweet + Temporal + Graph
pahlavirezacpar,human(2),True,True,True,True,False,Profile + Tweet + Temporal
ahampay,human(2),True,True,True,True,True,Profile + Tweet + Temporal + Graph
Najibnaik,human(2),True,True,True,True,True,Profile + Tweet + Temporal + Graph
ANUBIS_GOD2,human(2),True,True,True,True,True,Profile + Tweet + Temporal + Graph
Cowboy_datoboy,human(2),True,True,True,True,True,Profile + Tweet + Temporal + Graph
marianmeyer0,bot(1),True,True,True,True,False,Profile + Tweet + Temporal
omid_133A,human(2),True,True,True,True,False,Profile + Tweet + Temporal
ANITABAKT,bot(1),True,True,False,False,False,Profile + Tweet
nafasjan903269,human(2),True,True,True,True,True,Profile + Tweet + Temporal + Graph
hamidsanati6661,human(2),True,True,True,True,False,Profile + Tweet + Temporal
aghayehesam,unverified(4),True,True,False,False,False,Profile + Tweet
saraghavamian,human(2),True,True,True,True,False,Profile + Tweet + Temporal
daystar98173834,bot(1),True,True,True,True,False,Profile + Tweet + Temporal
FereydounJRL,human(2),True,True,True,True,False,Profile + Tweet + Temporal
siamakfarid,human(2),True,True,True,True,False,Profile + Tweet + Temporal
interchapga,human(2),True,True,True,True,False,Profile + Tweet + Temporal
mahistan,human(2),True,True,True,True,True,Profile + Tweet + Temporal + Graph
irandokht_20,human(2),True,True,True,True,True,Profile + Tweet + Temporal + Graph
SooreBoz,human(2),True,True,False,False,False,Profile + Tweet
Baraye_Azadi_,human(2),True,True,True,True,False,Profile + Tweet + Temporal
memarsadeghi,human(2),True,True,True,True,False,Profile + Tweet + Temporal
amirmoghadam_ir,human(2),True,True,True,True,False,Profile + Tweet + Temporal
MadariSarzamin,human(2),True,True,False,False,False,Profile + Tweet
eisa_1355,human(2),True,True,True,True,True,Profile + Tweet + Temporal + Graph
DJHastamMoHo,human(2),True,True,True,True,False,Profile + Tweet + Temporal
keykemiveyi,bot(1),True,True,True,True,False,Profile + Tweet + Temporal
Arianrad5,unverified(4),True,True,True,True,True,Profile + Tweet + Temporal + Graph
REZAKH__,human(2),True,True,True,True,False,Profile + Tweet + Temporal
ali_bitarafan5,human(2),True,True,True,True,True,Profile + Tweet + Temporal + Graph
sourenasanto,human(2),True,True,True,True,False,Profile + Tweet + Temporal
RShemroon,can’t find,True,True,True,True,True,Profile + Tweet + Temporal + Graph
yebekhe,human(2),True,True,False,False,False,Profile + Tweet
Aryammehr_2,human(2),True,True,True,True,False,Profile + Tweet + Temporal
ZananFirouzehie,bot(1),True,True,False,False,False,Profile + Tweet
hambastegi,human(2),True,True,True,True,False,Profile + Tweet + Temporal
ImNotMarsh,bot(1),True,True,False,False,False,Profile + Tweet
neo_pahlavism1,bot(1),True,True,True,True,False,Profile + Tweet + Temporal
policenama1401,human(2),True,True,True,True,False,Profile + Tweet + Temporal
YarabAydad,bot(1),True,True,False,False,False,Profile + Tweet
alinaghi2018,human(2),True,True,True,True,False,Profile + Tweet + Temporal
thesittinggav,bot(1),True,True,False,False,False,Profile + Tweet
Sepideh52191550,bot(1),True,True,False,False,False,Profile + Tweet
IRANIAZAD140,bot(1),True,True,True,True,False,Profile + Tweet + Temporal
Tinabakhshi,human(2),True,True,True,True,False,Profile + Tweet + Temporal
AmiriySara,human(2),True,True,False,False,True,Profile + Tweet + Graph
satggin,human(2),True,True,True,True,False,Profile + Tweet + Temporal
RezaVaisi,human(2),True,True,True,True,True,Profile + Tweet + Temporal + Graph
Benyami1980,bot(1),True,True,False,False,False,Profile + Tweet
ARDESHIR005,human(2),True,True,True,True,False,Profile + Tweet + Temporal
Sepiderashidi,can’t find,True,True,False,False,False,Profile + Tweet
netvand,human(2),True,True,True,True,False,Profile + Tweet + Temporal
Goftaniha,human(2),True,True,True,True,False,Profile + Tweet + Temporal
rezatorkamand,human(2),True,True,True,True,False,Profile + Tweet + Temporal
patrick_jane77,human(2),True,True,False,False,False,Profile + Tweet
PhoenixprjIran,unverified(4),True,True,True,True,True,Profile + Tweet + Temporal + Graph
MonarchyLondon,can’t find,True,True,True,True,True,Profile + Tweet + Temporal + Graph
sandys_khor,human(2),True,True,True,True,False,Profile + Tweet + Temporal
jalilparsi,human(2),True,True,True,True,False,Profile + Tweet + Temporal
parla91979,can’t find,True,True,True,True,False,Profile + Tweet + Temporal
alale26361947,bot(1),True,True,True,True,False,Profile + Tweet + Temporal
Radiomashrooteh,human(2),True,True,False,False,False,Profile + Tweet
imdearie2,human(2),True,True,True,True,False,Profile + Tweet + Temporal
kouli2017,human(2),True,True,True,True,False,Profile + Tweet + Temporal
Awat_Baggio,human(2),True,True,False,False,False,Profile + Tweet
golrokhiraee,human(2),True,True,True,True,False,Profile + Tweet + Temporal
RageAndHope,human(2),True,True,False,False,False,Profile + Tweet
Ali49781135,bot(1),True,True,False,False,True,Profile + Tweet + Graph
Baran27922,human(2),True,True,False,False,False,Profile + Tweet
AkhoondeMorde,human(2),True,True,True,True,True,Profile + Tweet + Temporal + Graph
MRasayeshh,unverified(4),True,True,True,True,False,Profile + Tweet + Temporal
ForadiMohammad,can’t find,True,True,True,True,False,Profile + Tweet + Temporal
amiirhosseiinam,can’t find,True,True,False,False,False,Profile + Tweet
trollsiasi,human(2),True,True,True,True,False,Profile + Tweet + Temporal
Sashtyani,human(2),True,True,True,True,True,Profile + Tweet + Temporal + Graph
MasIoob,human(2),True,True,True,True,True,Profile + Tweet + Temporal + Graph
sirous15,bot(1),True,True,True,True,False,Profile + Tweet + Temporal
NikiPatriot,human(2),True,True,True,True,False,Profile + Tweet + Temporal
Far_yaddd,human(2),True,True,True,True,False,Profile + Tweet + Temporal
fairghh,human(2),True,True,False,False,False,Profile + Tweet
vahid_esmaeilii,human(2),True,True,True,True,True,Profile + Tweet + Temporal + Graph
Achaemenid2582,human(2),True,True,True,True,False,Profile + Tweet + Temporal
IQazaal,human(2),True,True,True,True,False,Profile + Tweet + Temporal
IranNewsAgency0,bot(1),True,True,True,True,False,Profile + Tweet + Temporal
nargesfnd,human(2),True,True,True,True,False,Profile + Tweet + Temporal
FeryTiamo,unverified(4),True,True,True,True,False,Profile + Tweet + Temporal
drfalahatpishe,human(2),True,True,False,False,False,Profile + Tweet
BugsBuny90,human(2),True,True,True,True,False,Profile + Tweet + Temporal
IranianPlateau,human(2),True,True,True,True,False,Profile + Tweet + Temporal
F_Mohajerani,human(2),True,True,True,True,True,Profile + Tweet + Temporal + Graph
Pirooz25372,human(2),True,True,True,True,False,Profile + Tweet + Temporal
PersianGW,human(2),True,True,True,True,False,Profile + Tweet + Temporal
yekta52341478,human(2),True,True,True,True,False,Profile + Tweet + Temporal
Kamran99575602,human(2),True,True,True,True,False,Profile + Tweet + Temporal
NilaBehzadi,human(2),True,True,True,True,True,Profile + Tweet + Temporal + Graph
thetwelfth_Imam,unverified(4),True,True,True,True,False,Profile + Tweet + Temporal
Charchism,human(2),True,True,True,True,False,Profile + Tweet + Temporal
BamdadPirouzi,bot(1),True,True,False,False,False,Profile + Tweet
Arrested_voice,human(2),True,True,False,False,True,Profile + Tweet + Graph
searusM,human(2),True,True,True,True,False,Profile + Tweet + Temporal
2002Kingfox,human(2),True,True,True,True,True,Profile + Tweet + Temporal + Graph
boss_big666,can’t find,True,True,True,True,True,Profile + Tweet + Temporal + Graph
rosaparto,human(2),True,True,True,True,True,Profile + Tweet + Temporal + Graph
MehdiMMJ,human(2),True,True,True,True,False,Profile + Tweet + Temporal
Parinaz_ETSM,human(2),True,True,True,True,False,Profile + Tweet + Temporal
merlin_a_h,human(2),True,True,True,True,False,Profile + Tweet + Temporal
itshamedfard,human(2),True,True,True,True,True,Profile + Tweet + Temporal + Graph
tanha1358,human(2),True,True,True,True,False,Profile + Tweet + Temporal
RFI_Fa,News Agent(3),True,True,True,True,True,Profile + Tweet + Temporal + Graph
NapelOn_daii,human(2),True,True,False,False,False,Profile + Tweet
kasrakarimi3,human(2),True,True,True,True,False,Profile + Tweet + Temporal
__H59__,human(2),True,True,False,False,False,Profile + Tweet
Fakhravar,human(2),True,True,True,True,True,Profile + Tweet + Temporal + Graph
cicikhanoom,can’t find,True,True,False,False,True,Profile + Tweet + Graph
parsi27871,human(2),True,True,True,True,True,Profile + Tweet + Temporal + Graph
vanheda97,human(2),True,True,True,True,True,Profile + Tweet + Temporal + Graph
The_Doonald,bot(1),True,True,True,True,False,Profile + Tweet + Temporal
hassanshariatm5,human(2),True,True,True,True,True,Profile + Tweet + Temporal + Graph
NahidGhani,human(2),True,True,False,False,True,Profile + Tweet + Graph
iranaxis,human(2),True,True,True,True,True,Profile + Tweet + Temporal + Graph
hasanakevazir1,human(2),True,True,True,True,True,Profile + Tweet + Temporal + Graph
goodbadatusa,human(2),True,True,True,True,True,Profile + Tweet + Temporal + Graph
DeTahmineh,human(2),True,True,True,True,False,Profile + Tweet + Temporal
majid_ranjbaran,human(2),True,True,True,True,False,Profile + Tweet + Temporal
AplcarolineDr,human(2),True,True,True,True,False,Profile + Tweet + Temporal
Iranistics_UT,human(2),True,True,True,True,False,Profile + Tweet + Temporal
EghbaliBabak,human(2),True,True,False,False,False,Profile + Tweet
fardad200,human(2),True,True,True,True,False,Profile + Tweet + Temporal
faraaaz21_,unverified(4),True,True,False,False,False,Profile + Tweet
zootopiazz,human(2),True,True,True,True,False,Profile + Tweet + Temporal
SaharKhodayarii,can’t find,True,True,True,True,False,Profile + Tweet + Temporal
adam_hesabi,human(2),True,True,True,True,True,Profile + Tweet + Temporal + Graph
Havin_N5,bot(1),True,True,False,False,False,Profile + Tweet
KhatibiOfficial,human(2),True,True,True,True,False,Profile + Tweet + Temporal
arthorfmorgan,unverified(4),True,True,True,True,False,Profile + Tweet + Temporal
EpochTimesPer,News Agent(3),True,True,True,True,False,Profile + Tweet + Temporal
PMOIRAN,bot(1),True,True,True,True,True,Profile + Tweet + Temporal + Graph
IrTimes,human(2),True,True,True,True,False,Profile + Tweet + Temporal
reptile_fight,human(2),True,True,True,True,False,Profile + Tweet + Temporal
esmaeilion,human(2),True,True,True,True,False,Profile + Tweet + Temporal
kouroch7,human(2),True,True,True,True,False,Profile + Tweet + Temporal
Schahrzad_b,human(2),True,True,True,True,True,Profile + Tweet + Temporal + Graph
BardyaBorna,unverified(4),True,True,True,True,False,Profile + Tweet + Temporal
ordinaryman1980,human(2),True,True,True,True,True,Profile + Tweet + Temporal + Graph
Moriyarty1,can’t find,True,True,False,False,True,Profile + Tweet + Graph
niko123niki,human(2),True,True,True,True,False,Profile + Tweet + Temporal
Benyamin_SADR,human(2),True,True,True,True,False,Profile + Tweet + Temporal
iran_misazamat,bot(1),True,True,True,True,False,Profile + Tweet + Temporal
Nilgonbanoo,human(2),True,True,True,True,False,Profile + Tweet + Temporal
AlArabiya_Fa,News Agent(3),True,True,True,True,True,Profile + Tweet + Temporal + Graph
baaarzaaakh,human(2),True,True,True,True,False,Profile + Tweet + Temporal
ShahinMajelan,human(2),True,True,True,True,False,Profile + Tweet + Temporal
brgsht8970,human(2),True,True,False,False,False,Profile + Tweet
mirakh838,human(2),True,True,False,False,False,Profile + Tweet
Ariamehhr,human(2),True,True,True,True,False,Profile + Tweet + Temporal
shah_parast_k,bot(1),True,True,True,True,False,Profile + Tweet + Temporal
hadint83,human(2),True,True,True,True,True,Profile + Tweet + Temporal + Graph
BobbyHeravi,human(2),True,True,True,True,False,Profile + Tweet + Temporal
aminkhss,human(2),True,True,True,True,False,Profile + Tweet + Temporal
DawnAndTheX,human(2),True,True,True,True,False,Profile + Tweet + Temporal
Ted_homan1361,human(2),True,True,True,True,True,Profile + Tweet + Temporal + Graph
IranianArts,human(2),True,True,True,True,True,Profile + Tweet + Temporal + Graph
vajname,human(2),True,True,False,False,True,Profile + Tweet + Graph
MayraYazdari,human(2),True,True,False,False,True,Profile + Tweet + Graph
YRnESzv9zRLIXuQ,human(2),True,True,False,False,False,Profile + Tweet
farshadeashour,human(2),True,True,True,True,False,Profile + Tweet + Temporal
Ffarhad7412,bot(1),True,True,True,True,False,Profile + Tweet + Temporal
Addison77866447,human(2),True,True,True,True,False,Profile + Tweet + Temporal
RezaRez11109331,bot(1),True,True,False,False,False,Profile + Tweet
nav11dd,bot(1),True,True,True,True,True,Profile + Tweet + Temporal + Graph
ariamehr104,human(2),True,True,True,True,False,Profile + Tweet + Temporal
mahboubeh_mdi,human(2),True,True,False,False,False,Profile + Tweet
limondar0,human(2),True,True,True,True,False,Profile + Tweet + Temporal
Siavashshahy,bot(1),True,True,True,True,False,Profile + Tweet + Temporal
baharr_ali,human(2),True,True,True,True,False,Profile + Tweet + Temporal
cpiparty,human(2),True,True,True,True,True,Profile + Tweet + Temporal + Graph
m_rahmanifar,human(2),True,True,False,False,True,Profile + Tweet + Graph
california123AA,human(2),True,True,True,True,False,Profile + Tweet + Temporal
AmirHadiAnvari,human(2),True,True,True,True,False,Profile + Tweet + Temporal
faribadavodi,human(2),True,True,True,True,False,Profile + Tweet + Temporal
partneremma,human(2),True,True,True,True,True,Profile + Tweet + Temporal + Graph
L0mpan,human(2),True,True,False,False,False,Profile + Tweet
DarkSheepRise,human(2),True,True,True,True,True,Profile + Tweet + Temporal + Graph
hadimehrane1,human(2),True,True,True,True,False,Profile + Tweet + Temporal
fatemeh_sadat91,human(2),True,True,True,True,False,Profile + Tweet + Temporal
HosseinGhatib,human(2),True,True,True,True,False,Profile + Tweet + Temporal
moh_heidari,unverified(4),True,True,True,True,False,Profile + Tweet + Temporal
mobarez_nastooh,human(2),True,True,True,True,True,Profile + Tweet + Temporal + Graph
StupidJalal,human(2),True,True,True,True,True,Profile + Tweet + Temporal + Graph
Mmlekate,human(2),True,True,False,False,True,Profile + Tweet + Graph
Maryam_Rajavi,human(2),True,True,True,True,False,Profile + Tweet + Temporal
YasiPatriot,human(2),True,True,True,True,True,Profile + Tweet + Temporal + Graph
Chetoriarzeshi,human(2),True,True,False,False,False,Profile + Tweet
asoupar,human(2),True,True,True,True,False,Profile + Tweet + Temporal
bashirtash,human(2),True,True,True,True,True,Profile + Tweet + Temporal + Graph
Roobahyab1,human(2),True,True,True,True,True,Profile + Tweet + Temporal + Graph
ProSHaHansHaaHi,human(2),True,True,False,False,False,Profile + Tweet
CyrusGreatSon,unverified(4),True,True,True,True,False,Profile + Tweet + Temporal
IraniMamoka,human(2),True,True,True,True,False,Profile + Tweet + Temporal
pk20333999,bot(1),True,True,True,True,False,Profile + Tweet + Temporal
PanteaRasouli,bot(1),True,True,False,False,True,Profile + Tweet + Graph
onlymuratt,human(2),True,True,True,True,False,Profile + Tweet + Temporal
R0tterdamer,human(2),True,True,True,True,False,Profile + Tweet + Temporal
Arsalan_shizi,can’t find,True,True,True,True,False,Profile + Tweet + Temporal
Bahram2541,human(2),True,True,False,False,False,Profile + Tweet
KarimSnowman,bot(1),True,True,True,True,False,Profile + Tweet + Temporal
Parvin965631051,bot(1),True,True,True,True,True,Profile + Tweet + Temporal + Graph
0xKaveh,unverified(4),True,True,False,False,True,Profile + Tweet + Graph
Peleja11,bot(1),True,True,True,True,True,Profile + Tweet + Temporal + Graph
yalnizkartal041,bot(1),True,True,False,False,False,Profile + Tweet
RezaSensourfree,human(2),True,True,True,True,False,Profile + Tweet + Temporal
Mohadeseh1133,human(2),True,True,True,True,False,Profile + Tweet + Temporal
ba262626,human(2),True,True,True,True,False,Profile + Tweet + Temporal
matmat1389,human(2),True,True,True,True,False,Profile + Tweet + Temporal
iran22851566,bot(1),True,True,True,True,False,Profile + Tweet + Temporal
Tinaaa2048,human(2),True,True,True,True,False,Profile + Tweet + Temporal
Bermooda1380739,bot(1),True,True,True,True,False,Profile + Tweet + Temporal
Jo5x8HaTcF3o5Px,human(2),True,True,True,True,False,Profile + Tweet + Temporal
hardseltzerr,human(2),True,True,True,True,False,Profile + Tweet + Temporal
Neda73Neda,human(2),True,True,True,True,False,Profile + Tweet + Temporal
ayazi_kamran,bot(1),True,True,True,True,False,Profile + Tweet + Temporal
koruosh2023,human(2),True,True,True,True,False,Profile + Tweet + Temporal
FarsNews_Agency,News Agent(3),True,True,True,True,True,Profile + Tweet + Temporal + Graph
azadsocial_,human(2),True,True,True,True,False,Profile + Tweet + Temporal
off734,bot(1),True,True,True,True,True,Profile + Tweet + Temporal + Graph
GenJahanbani,bot(1),True,True,False,False,False,Profile + Tweet
itisbatgirl,human(2),True,True,True,True,False,Profile + Tweet + Temporal
maanii_a,human(2),True,True,True,True,False,Profile + Tweet + Temporal
TheNorth_A,News Agent(3),True,True,False,False,False,Profile + Tweet
kshahrooz,human(2),True,True,True,True,False,Profile + Tweet + Temporal
pardisa6,can’t find,True,True,False,False,False,Profile + Tweet
Baranaryaee2,bot(1),True,True,True,True,False,Profile + Tweet + Temporal
myfootkin,unverified(4),True,True,True,True,False,Profile + Tweet + Temporal
nasrinraj,human(2),True,True,True,True,False,Profile + Tweet + Temporal
avantgardearses,human(2),True,True,True,True,False,Profile + Tweet + Temporal
JavidShah0000,bot(1),True,True,True,True,False,Profile + Tweet + Temporal
AzadehKhorasan,human(2),True,True,True,True,True,Profile + Tweet + Temporal + Graph
atheistcyrus,human(2),True,True,True,True,True,Profile + Tweet + Temporal + Graph
Iran_Farda1,human(2),True,True,True,True,False,Profile + Tweet + Temporal
HirAn_irani,human(2),True,True,True,True,False,Profile + Tweet + Temporal
knbhgfk,human(2),True,True,True,True,False,Profile + Tweet + Temporal
hadinik,human(2),True,True,True,True,False,Profile + Tweet + Temporal
shirkhaan69,human(2),True,True,True,True,False,Profile + Tweet + Temporal
omid_AV2,bot(1),True,True,True,True,True,Profile + Tweet + Temporal + Graph
chamli69,human(2),True,True,False,False,False,Profile + Tweet
MohammadSigari,human(2),True,True,False,False,False,Profile + Tweet
rayehe_rabi,human(2),True,True,True,True,False,Profile + Tweet + Temporal
hojjat_kalashi,human(2),True,True,True,True,True,Profile + Tweet + Temporal + Graph
Kolmar_kolmar,human(2),True,True,True,True,True,Profile + Tweet + Temporal + Graph
SabaBakhtyari,human(2),True,True,True,True,False,Profile + Tweet + Temporal
Nargolsafa,unverified(4),True,True,True,True,False,Profile + Tweet + Temporal
Mahmoud55791825,bot(1),True,True,False,False,False,Profile + Tweet
benyamin_aras,human(2),True,True,False,False,True,Profile + Tweet + Graph
zhiyan_shah,human(2),True,True,True,True,False,Profile + Tweet + Temporal
parspersian,human(2),True,True,True,True,False,Profile + Tweet + Temporal
foster_spar,human(2),True,True,True,True,True,Profile + Tweet + Temporal + Graph
mostafaa2024,can’t find,True,True,True,True,False,Profile + Tweet + Temporal
IR_Kermanshah,can’t find,True,True,True,True,True,Profile + Tweet + Temporal + Graph
GhoreishiR,bot(1),True,True,True,True,False,Profile + Tweet + Temporal
homeyramis,human(2),True,True,True,True,False,Profile + Tweet + Temporal
rouhanim,News Agent(3),True,True,True,True,True,Profile + Tweet + Temporal + Graph
Behzadhamrahi,human(2),True,True,True,True,False,Profile + Tweet + Temporal
persepolis78,human(2),True,True,True,True,False,Profile + Tweet + Temporal
YaarGhadimi,bot(1),True,True,False,False,False,Profile + Tweet
ryaniran,human(2),True,True,True,True,True,Profile + Tweet + Temporal + Graph
navidmajd11,human(2),True,True,True,True,False,Profile + Tweet + Temporal
rahayee_,human(2),True,True,False,False,False,Profile + Tweet
AzadChakavak,human(2),True,True,True,True,False,Profile + Tweet + Temporal
Majidirani99,human(2),True,True,False,False,False,Profile + Tweet
Chobin_pahlavi,human(2),True,True,True,True,False,Profile + Tweet + Temporal
leiluniran,human(2),True,True,True,True,False,Profile + Tweet + Temporal
Haleh_Panzer,human(2),True,True,True,True,False,Profile + Tweet + Temporal
pouriazeraati,human(2),True,True,True,True,False,Profile + Tweet + Temporal
naderifar,human(2),True,True,True,True,True,Profile + Tweet + Temporal + Graph
NR2OH,human(2),True,True,True,True,False,Profile + Tweet + Temporal
hajmaameed,human(2),True,True,True,True,False,Profile + Tweet + Temporal
darushirani13,bot(1),True,True,True,True,False,Profile + Tweet + Temporal
Katierebel2nd,bot(1),True,True,False,False,False,Profile + Tweet
X4LIREZ4X,human(2),True,True,True,True,False,Profile + Tweet + Temporal
MehdiHajati,human(2),True,True,True,True,True,Profile + Tweet + Temporal + Graph
A_Jafarzadeh,human(2),True,True,True,True,False,Profile + Tweet + Temporal
proudlypersian1,human(2),True,True,True,True,False,Profile + Tweet + Temporal
Tavaana,News Agent(3),True,True,True,True,False,Profile + Tweet + Temporal
HananyaPersian,human(2),True,True,False,False,False,Profile + Tweet
RezaAhmadi_Lion,human(2),True,True,False,False,True,Profile + Tweet + Graph
AdelBadel7,can’t find,True,True,True,True,True,Profile + Tweet + Temporal + Graph
House_MD11,human(2),True,True,True,True,False,Profile + Tweet + Temporal
FattahiFarzad,human(2),True,True,True,True,False,Profile + Tweet + Temporal
ANTYTHEZIS,human(2),True,True,True,True,True,Profile + Tweet + Temporal + Graph
alasht_Iran,human(2),True,True,True,True,False,Profile + Tweet + Temporal
alirezakiani2,human(2),True,True,True,True,False,Profile + Tweet + Temporal
Baharak_Irani,can’t find,True,True,False,False,True,Profile + Tweet + Graph
fereshtehgilaki,human(2),True,True,True,True,False,Profile + Tweet + Temporal
abornaei,human(2),True,True,True,True,False,Profile + Tweet + Temporal
mrhosein00,human(2),True,True,True,True,False,Profile + Tweet + Temporal
powerpeople_,human(2),True,True,True,True,True,Profile + Tweet + Temporal + Graph
nazanin7,human(2),True,True,True,True,False,Profile + Tweet + Temporal
18Mandana,bot(1),True,True,True,True,False,Profile + Tweet + Temporal
Ftmh_zhra_jnde,human(2),True,True,True,True,True,Profile + Tweet + Temporal + Graph
abdolah_abdi,human(2),True,True,True,True,True,Profile + Tweet + Temporal + Graph
TaraMedric,human(2),True,True,True,True,True,Profile + Tweet + Temporal + Graph
SalmanSima,human(2),True,True,True,True,False,Profile + Tweet + Temporal
sababagherii,human(2),True,True,True,True,False,Profile + Tweet + Temporal
Iraneshghal,bot(1),True,True,False,False,False,Profile + Tweet
MaximReza3,human(2),True,True,True,True,False,Profile + Tweet + Temporal
Sheina__,human(2),True,True,True,True,False,Profile + Tweet + Temporal
MaryamSarabii,human(2),True,True,True,True,False,Profile + Tweet + Temporal
Miss_Maropelle,human(2),True,True,False,False,False,Profile + Tweet
Alireza7553,human(2),True,True,False,False,False,Profile + Tweet
M0rtezaaaa,bot(1),True,True,True,True,True,Profile + Tweet + Temporal + Graph
kouresh_kabir,human(2),True,True,False,False,True,Profile + Tweet + Graph
young_sheldon1,human(2),True,True,True,True,True,Profile + Tweet + Temporal + Graph
koroshCR7,bot(1),True,True,True,True,True,Profile + Tweet + Temporal + Graph
SunLight__White,human(2),True,True,True,True,False,Profile + Tweet + Temporal
simonederayeh,human(2),True,True,True,True,False,Profile + Tweet + Temporal
Me_Unstoppable2,human(2),True,True,True,True,False,Profile + Tweet + Temporal
miladpoureisa,human(2),True,True,True,True,False,Profile + Tweet + Temporal
Kamangir_133,human(2),True,True,False,False,True,Profile + Tweet + Graph
pirouzimm,human(2),True,True,True,True,False,Profile + Tweet + Temporal
prime_factor_,human(2),True,True,True,True,False,Profile + Tweet + Temporal
ShaunToub,human(2),True,True,True,True,True,Profile + Tweet + Temporal + Graph
Pahlavist2582,can’t find,True,True,True,True,False,Profile + Tweet + Temporal
Armin19910215,human(2),True,True,True,True,False,Profile + Tweet + Temporal
HosseiniRouzbeh,human(2),True,True,True,True,True,Profile + Tweet + Temporal + Graph
remisgp,human(2),True,True,True,True,True,Profile + Tweet + Temporal + Graph
rrghadi01,human(2),True,True,True,True,True,Profile + Tweet + Temporal + Graph
KingMaziyar,bot(1),True,True,False,False,False,Profile + Tweet
fereidonfz,human(2),True,True,True,True,False,Profile + Tweet + Temporal
SaamGivrad,unverified(4),True,True,True,True,True,Profile + Tweet + Temporal + Graph
ImamToosi,human(2),True,True,True,True,True,Profile + Tweet + Temporal + Graph
Pahlavi433726,human(2),True,True,False,False,False,Profile + Tweet
Sonofthebeach22,human(2),True,True,True,True,False,Profile + Tweet + Temporal
margbar3fased,human(2),True,True,False,False,False,Profile + Tweet
MahnazShirali,human(2),True,True,True,True,True,Profile + Tweet + Temporal + Graph
MrHiccup42,human(2),True,True,True,True,False,Profile + Tweet + Temporal
arash_tehran,human(2),True,True,True,True,False,Profile + Tweet + Temporal
bernoam,human(2),True,True,False,False,False,Profile + Tweet
rezayyyyy,unverified(4),True,True,True,True,False,Profile + Tweet + Temporal
artesh_shah,human(2),True,True,True,True,False,Profile + Tweet + Temporal
sazanist40,human(2),True,True,False,False,True,Profile + Tweet + Graph
iranovsky,human(2),True,True,True,True,False,Profile + Tweet + Temporal
AjaNews_persian,News Agent(3),True,True,True,True,False,Profile + Tweet + Temporal
green_Amir,human(2),True,True,True,True,False,Profile + Tweet + Temporal
Tasnimnews_Fa,News Agent(3),True,True,True,True,True,Profile + Tweet + Temporal + Graph
mandela08940434,human(2),True,True,False,False,False,Profile + Tweet
MChok7,human(2),True,True,True,True,True,Profile + Tweet + Temporal + Graph
JahangirTaban,human(2),True,True,False,False,False,Profile + Tweet
ViemonX,human(2),True,True,True,True,False,Profile + Tweet + Temporal
KayhanLondon,News Agent(3),True,True,True,True,True,Profile + Tweet + Temporal + Graph
Yasmin4freedom,human(2),True,True,True,True,False,Profile + Tweet + Temporal
atheistChild789,human(2),True,True,True,True,True,Profile + Tweet + Temporal + Graph
kiarashfarasat1,human(2),True,True,True,True,False,Profile + Tweet + Temporal
ketn7912,human(2),True,True,False,False,True,Profile + Tweet + Graph
georg_patriot,human(2),True,True,False,False,False,Profile + Tweet
IranianWoman,human(2),True,True,True,True,False,Profile + Tweet + Temporal
NaderSoltanpour,human(2),True,True,True,True,True,Profile + Tweet + Temporal + Graph
Zagros1402,human(2),True,True,False,False,False,Profile + Tweet
Astrophil_Mars,unverified(4),True,True,True,True,False,Profile + Tweet + Temporal
jwny_ywsf,can’t find,True,True,False,False,False,Profile + Tweet
PsrAsfhan27734,human(2),True,True,True,True,False,Profile + Tweet + Temporal
JoOldooz,human(2),True,True,True,True,False,Profile + Tweet + Temporal
saeed_akbari39,bot(1),True,True,True,True,False,Profile + Tweet + Temporal
Shirzad1968,human(2),True,True,False,False,False,Profile + Tweet
Azihastam1,human(2),True,True,True,True,True,Profile + Tweet + Temporal + Graph
callmeraha13,unverified(4),True,True,True,True,True,Profile + Tweet + Temporal + Graph
inazkam,human(2),True,True,True,True,False,Profile + Tweet + Temporal
AliReza_Hafezi1,bot(1),True,True,True,True,False,Profile + Tweet + Temporal
AppleFarsii,News Agent(3),True,True,True,True,False,Profile + Tweet + Temporal
_Hassan_sabbah_,human(2),True,True,True,True,False,Profile + Tweet + Temporal
max_mad777,human(2),True,True,True,True,False,Profile + Tweet + Temporal
ImErmia,can’t find,True,True,True,True,False,Profile + Tweet + Temporal
MasoudSlii,human(2),True,True,False,False,False,Profile + Tweet
Action4IR,human(2),True,True,True,True,False,Profile + Tweet + Temporal
NUFDIran,News Agent(3),True,True,True,True,False,Profile + Tweet + Temporal
Klaus70268175,human(2),True,True,True,True,False,Profile + Tweet + Temporal
mihanimarzban03,human(2),True,True,True,True,False,Profile + Tweet + Temporal
haniiiissss1387,human(2),True,True,True,True,False,Profile + Tweet + Temporal
Nemo_Regnum,bot(1),True,True,True,True,False,Profile + Tweet + Temporal
LoabatK,human(2),True,True,True,True,True,Profile + Tweet + Temporal + Graph
ArianMutter,human(2),True,True,True,True,False,Profile + Tweet + Temporal
lnahalllnahall,bot(1),True,True,True,True,True,Profile + Tweet + Temporal + Graph
pasargadguard,human(2),True,True,True,True,False,Profile + Tweet + Temporal
zhina2019,bot(1),True,True,True,True,False,Profile + Tweet + Temporal
steveimcqueen,human(2),True,True,True,True,False,Profile + Tweet + Temporal
kharkhali,human(2),True,True,False,False,False,Profile + Tweet
AliHamid27,human(2),True,True,True,True,True,Profile + Tweet + Temporal + Graph
ProjectLeonOnX,human(2),True,True,True,True,False,Profile + Tweet + Temporal
LibertyIranian,human(2),True,True,True,True,True,Profile + Tweet + Temporal + Graph
bidari60,human(2),True,True,True,True,False,Profile + Tweet + Temporal
Banuirani84,can’t find,True,True,True,True,False,Profile + Tweet + Temporal
derafshkavianee,human(2),True,True,True,True,False,Profile + Tweet + Temporal
realfarid7,human(2),True,True,True,True,False,Profile + Tweet + Temporal
Nemiphos,human(2),True,True,True,True,False,Profile + Tweet + Temporal
ToukaNeyestani,human(2),True,True,True,True,True,Profile + Tweet + Temporal + Graph
Liberti2022,human(2),True,True,True,True,False,Profile + Tweet + Temporal
pourya,unverified(4),True,True,True,True,False,Profile + Tweet + Temporal
soheili84,human(2),True,True,True,True,False,Profile + Tweet + Temporal
Rchii_joon,unverified(4),True,True,True,True,False,Profile + Tweet + Temporal
2_grami,unverified(4),True,True,True,True,True,Profile + Tweet + Temporal + Graph
javid_EPir,unverified(4),True,True,False,False,False,Profile + Tweet
parwaz22,human(2),True,True,True,True,False,Profile + Tweet + Temporal
007mi00,human(2),True,True,True,True,False,Profile + Tweet + Temporal
Ttp0088,News Agent(3),True,True,True,True,False,Profile + Tweet + Temporal
Nickkhoo_arash,human(2),True,True,True,True,False,Profile + Tweet + Temporal
omiddana19,human(2),True,True,False,False,False,Profile + Tweet
Moradian_ir,human(2),True,True,True,True,False,Profile + Tweet + Temporal
jiar06731264,bot(1),True,True,False,False,False,Profile + Tweet
Serpicoo3,human(2),True,True,True,True,False,Profile + Tweet + Temporal
Raha_B_E_1,bot(1),True,True,False,False,True,Profile + Tweet + Graph
Birdofpeacelove,human(2),True,True,False,False,True,Profile + Tweet + Graph
ardeshir1387,human(2),True,True,True,True,False,Profile + Tweet + Temporal
PahlaviReza,human(2),True,True,True,True,True,Profile + Tweet + Temporal + Graph
MasoodBabapoor,human(2),True,True,True,True,False,Profile + Tweet + Temporal
MohajranIran,human(2),True,True,True,True,True,Profile + Tweet + Temporal + Graph
TinaFay1978,bot(1),True,True,True,True,False,Profile + Tweet + Temporal
Lilium52709755,human(2),True,True,True,True,True,Profile + Tweet + Temporal + Graph
LocallAndia,human(2),True,True,True,True,False,Profile + Tweet + Temporal
Bachejirjirak,human(2),True,True,True,True,True,Profile + Tweet + Temporal + Graph
parand____,human(2),True,True,True,True,True,Profile + Tweet + Temporal + Graph
LakLak_Muzik,human(2),True,True,True,True,False,Profile + Tweet + Temporal
BardiaGarshasbi,human(2),True,True,True,True,False,Profile + Tweet + Temporal
RezaS49,human(2),True,True,False,False,False,Profile + Tweet
Santamorte00,human(2),True,True,True,True,False,Profile + Tweet + Temporal
indypersian,News Agent(3),True,True,True,True,True,Profile + Tweet + Temporal + Graph
MardomakOnline,human(2),True,True,True,True,False,Profile + Tweet + Temporal
Homan_You,human(2),True,True,True,True,False,Profile + Tweet + Temporal
mahenoghre,human(2),True,True,True,True,False,Profile + Tweet + Temporal
vahid__bahman,human(2),True,True,True,True,True,Profile + Tweet + Temporal + Graph
YaldaRod,human(2),True,True,False,False,True,Profile + Tweet + Graph
AliZolg85051503,bot(1),True,True,True,True,False,Profile + Tweet + Temporal
Masad75405681,bot(1),True,True,False,False,True,Profile + Tweet + Graph
Hila1363,human(2),True,True,False,False,True,Profile + Tweet + Graph
Nastaran9638495,bot(1),True,True,False,False,True,Profile + Tweet + Graph
irantehran401,human(2),True,True,True,True,False,Profile + Tweet + Temporal
shahdadh59,human(2),True,True,True,True,False,Profile + Tweet + Temporal
DrShehabP,human(2),True,True,True,True,True,Profile + Tweet + Temporal + Graph
samadiHosein,bot(1),True,True,True,True,True,Profile + Tweet + Temporal + Graph
Sinnerlondon,human(2),True,True,False,False,False,Profile + Tweet
arsh9933,human(2),True,True,False,False,False,Profile + Tweet
TonyFreeman2015,human(2),True,True,True,True,False,Profile + Tweet + Temporal
iranzad_98,bot(1),True,True,True,True,True,Profile + Tweet + Temporal + Graph
ZAAL1474,unverified(4),True,True,False,False,False,Profile + Tweet
sepahani,human(2),True,True,True,True,False,Profile + Tweet + Temporal
inventor_kevin,human(2),True,True,True,True,False,Profile + Tweet + Temporal
VOAfarsi,News Agent(3),True,True,True,True,True,Profile + Tweet + Temporal + Graph
saramobarez1,bot(1),True,True,True,True,False,Profile + Tweet + Temporal
gh0lch0magh,human(2),True,True,True,True,True,Profile + Tweet + Temporal + Graph
Nezha_9515,bot(1),True,True,False,False,False,Profile + Tweet
RustaMasoud,human(2),True,True,True,True,True,Profile + Tweet + Temporal + Graph
pahlavikhah43,bot(1),True,True,True,True,False,Profile + Tweet + Temporal
Forouzandy,human(2),True,True,True,True,False,Profile + Tweet + Temporal
maryan1810,human(2),True,True,False,False,False,Profile + Tweet
Behrouzjt,human(2),True,True,True,True,False,Profile + Tweet + Temporal
ssaallaar,bot(1),True,True,True,True,True,Profile + Tweet + Temporal + Graph
Samar_Iran,human(2),True,True,False,False,False,Profile + Tweet
mikhake_noqrehi,bot(1),True,True,True,True,False,Profile + Tweet + Temporal
iran_vdt,human(2),True,True,True,True,False,Profile + Tweet + Temporal
nesbyat,human(2),True,True,True,True,False,Profile + Tweet + Temporal
neptunegalaxy21,unverified(4),True,True,True,True,False,Profile + Tweet + Temporal
IamZeus6,human(2),True,True,True,True,False,Profile + Tweet + Temporal
LisaDaftari,human(2),True,True,True,True,False,Profile + Tweet + Temporal
RadmanIrani,human(2),True,True,True,True,False,Profile + Tweet + Temporal
secular_d,human(2),True,True,True,True,False,Profile + Tweet + Temporal
majidfallah11,human(2),True,True,False,False,False,Profile + Tweet
Sadaf__12,human(2),True,True,True,True,True,Profile + Tweet + Temporal + Graph
Shahinlooo,can’t find,True,True,True,True,True,Profile + Tweet + Temporal + Graph
hs_maryam,human(2),True,True,True,True,True,Profile + Tweet + Temporal + Graph
kuroosh521,unverified(4),True,True,False,False,False,Profile + Tweet
KasraAarabi,human(2),True,True,True,True,True,Profile + Tweet + Temporal + Graph
Alighazizade,human(2),True,True,True,True,False,Profile + Tweet + Temporal
AsbeAtash45,bot(1),True,True,True,True,True,Profile + Tweet + Temporal + Graph
azarthepersian,human(2),True,True,False,False,True,Profile + Tweet + Graph
Monarchy34,bot(1),True,True,True,True,True,Profile + Tweet + Temporal + Graph
sanazazanas,human(2),True,True,True,True,False,Profile + Tweet + Temporal
mnz1033,human(2),True,True,True,True,True,Profile + Tweet + Temporal + Graph
TinaGhazimorad,human(2),True,True,True,True,True,Profile + Tweet + Temporal + Graph
barayeiran9,human(2),True,True,True,True,False,Profile + Tweet + Temporal
Fahimehkhezr,human(2),True,True,True,True,True,Profile + Tweet + Temporal + Graph
BabakShekarabi,human(2),True,True,True,True,False,Profile + Tweet + Temporal
aghachurchill,human(2),True,True,True,True,False,Profile + Tweet + Temporal
mery202120,human(2),True,True,True,True,False,Profile + Tweet + Temporal
golnarjahanbani,unverified(4),True,True,True,True,True,Profile + Tweet + Temporal + Graph
Shaheenchevv,human(2),True,True,False,False,False,Profile + Tweet
runykeyoldpics,human(2),True,True,True,True,False,Profile + Tweet + Temporal
HosseinAshtarii,human(2),True,True,True,True,True,Profile + Tweet + Temporal + Graph
MajidTavakolii,human(2),True,True,True,True,True,Profile + Tweet + Temporal + Graph
Haghgooie,human(2),True,True,True,True,True,Profile + Tweet + Temporal + Graph
ParhamRamin,human(2),True,True,False,False,False,Profile + Tweet
shararehtalaeii,human(2),True,True,True,True,True,Profile + Tweet + Temporal + Graph
Ariaroshangar,bot(1),True,True,True,True,False,Profile + Tweet + Temporal
rahimy166,human(2),True,True,True,True,False,Profile + Tweet + Temporal
DarGoldan2,human(2),True,True,False,False,False,Profile + Tweet
Ebne_noah,human(2),True,True,False,False,False,Profile + Tweet
Tanha59977799,bot(1),True,True,True,True,True,Profile + Tweet + Temporal + Graph
CinemaRex,News Agent(3),True,True,True,True,False,Profile + Tweet + Temporal
GhorbaniiNiyak,human(2),True,True,False,False,True,Profile + Tweet + Graph
mahdieh_golroo,human(2),True,True,True,True,False,Profile + Tweet + Temporal
AminBehroozi2,human(2),True,True,True,True,False,Profile + Tweet + Temporal
Delban_Sa,human(2),True,True,True,True,False,Profile + Tweet + Temporal
SFaeze_Alavi,human(2),True,True,True,True,False,Profile + Tweet + Temporal
Vahid,News Agent(3),True,True,True,True,True,Profile + Tweet + Temporal + Graph
iraj_mesdaghi,bot(1),True,True,True,True,False,Profile + Tweet + Temporal
Tanha_5566,human(2),True,True,False,False,True,Profile + Tweet + Graph
farashgardii02,human(2),True,True,True,True,False,Profile + Tweet + Temporal
IrBozorg,human(2),True,True,True,True,False,Profile + Tweet + Temporal
Camel6561,human(2),True,True,True,True,False,Profile + Tweet + Temporal
Im_zhozefin,human(2),True,True,True,True,False,Profile + Tweet + Temporal
Tondar1985,human(2),True,True,True,True,False,Profile + Tweet + Temporal
Mohamad43059166,bot(1),True,True,True,True,False,Profile + Tweet + Temporal
mahsa_piraei,human(2),True,True,False,False,False,Profile + Tweet
IranLionness,human(2),True,True,True,True,False,Profile + Tweet + Temporal
MehranShirazii,human(2),True,True,True,True,False,Profile + Tweet + Temporal
Khosrowalikord2,human(2),True,True,True,True,True,Profile + Tweet + Temporal + Graph
persian_warior,human(2),True,True,True,True,False,Profile + Tweet + Temporal
baran_mehr36,bot(1),True,True,True,True,True,Profile + Tweet + Temporal + Graph
Arezurose,can’t find,True,True,True,True,False,Profile + Tweet + Temporal
Pro_Pahlavi,bot(1),True,True,False,False,False,Profile + Tweet
starbombaIR,human(2),True,True,False,False,False,Profile + Tweet
iranariyayi64,bot(1),True,True,True,True,False,Profile + Tweet + Temporal
siavash_sepehr0,human(2),True,True,True,True,True,Profile + Tweet + Temporal + Graph
smjm1972,bot(1),True,True,False,False,False,Profile + Tweet
saeid_555555,bot(1),True,True,True,True,True,Profile + Tweet + Temporal + Graph
seyedMuostafa,human(2),True,True,True,True,False,Profile + Tweet + Temporal
shino_sdch,human(2),True,True,True,True,False,Profile + Tweet + Temporal
JaneVatan,human(2),True,True,True,True,True,Profile + Tweet + Temporal + Graph
iranologyscty,human(2),True,True,True,True,False,Profile + Tweet + Temporal
riokhosravi,human(2),True,True,False,False,False,Profile + Tweet
RadioFarda_,News Agent(3),True,True,True,True,True,Profile + Tweet + Temporal + Graph
Sandisodoleh,bot(1),True,True,True,True,False,Profile + Tweet + Temporal
honarparvar2020,human(2),True,True,True,True,True,Profile + Tweet + Temporal + Graph
pizza_facey,human(2),True,True,True,True,False,Profile + Tweet + Temporal
Nokhod_f,human(2),True,True,True,True,False,Profile + Tweet + Temporal
zahra_hp_1,unverified(4),True,True,True,True,False,Profile + Tweet + Temporal
BB_Goal,bot(1),True,True,True,True,False,Profile + Tweet + Temporal
mohammadd4456,human(2),True,True,True,True,False,Profile + Tweet + Temporal
k_Mostafavi,human(2),True,True,True,True,True,Profile + Tweet + Temporal + Graph
siavosh48,human(2),True,True,False,False,False,Profile + Tweet
itsgisou,human(2),True,True,False,False,False,Profile + Tweet
TahsinZhaleh,human(2),True,True,True,True,True,Profile + Tweet + Temporal + Graph
Overthrower_,human(2),True,True,True,True,True,Profile + Tweet + Temporal + Graph
Cheguevara_Amir,human(2),True,True,False,False,False,Profile + Tweet
FarzanehAghaei,human(2),True,True,True,True,False,Profile + Tweet + Temporal
amir41355273,bot(1),True,True,True,True,True,Profile + Tweet + Temporal + Graph
ebrahimi_mazyar,human(2),True,True,False,False,False,Profile + Tweet
MajidH44995071,bot(1),True,True,True,True,False,Profile + Tweet + Temporal
AmirTaheri4,can’t find,True,True,True,True,True,Profile + Tweet + Temporal + Graph
fcpii_official,human(2),True,True,False,False,False,Profile + Tweet
aryaieeasil,human(2),True,True,True,True,True,Profile + Tweet + Temporal + Graph
shahii1984,human(2),True,True,True,True,False,Profile + Tweet + Temporal
Nazdooneh1376,unverified(4),True,False,True,True,False,Profile + Temporal
ArianArian00,human(2),True,True,True,True,False,Profile + Tweet + Temporal
SHAYA9000,bot(1),True,True,True,True,False,Profile + Tweet + Temporal
shayan_shahnazi,human(2),True,True,False,False,True,Profile + Tweet + Graph
AhmadySetareh,human(2),True,True,True,True,False,Profile + Tweet + Temporal
Matinkhaledii,human(2),True,True,True,True,False,Profile + Tweet + Temporal
venus133333,bot(1),True,True,True,True,False,Profile + Tweet + Temporal
Teeegra,unverified(4),True,True,True,True,False,Profile + Tweet + Temporal
OfficialSimin,human(2),True,True,True,True,False,Profile + Tweet + Temporal
KalavaniSamad,human(2),True,True,True,True,False,Profile + Tweet + Temporal
Borhan_Majd,unverified(4),True,True,False,False,False,Profile + Tweet
FaranakAzad1,human(2),True,True,True,True,False,Profile + Tweet + Temporal
sadat110_hosna,can’t find,True,True,True,True,False,Profile + Tweet + Temporal
ManotoNews,can’t find,True,True,True,True,False,Profile + Tweet + Temporal
SinaToossi,human(2),True,True,True,True,True,Profile + Tweet + Temporal + Graph
FarhadiIvar,human(2),True,True,False,False,False,Profile + Tweet
ItsKouroshKabir,bot(1),True,True,False,False,False,Profile + Tweet
PnMd1982,human(2),True,True,True,True,False,Profile + Tweet + Temporal
Reddington_LA,human(2),True,True,False,False,True,Profile + Tweet + Graph
Banuyetehrani,bot(1),True,True,False,False,False,Profile + Tweet
Iranetanha,can’t find,True,True,True,True,False,Profile + Tweet + Temporal
mahrokh19726311,human(2),True,True,True,True,False,Profile + Tweet + Temporal
Cilia1919,human(2),True,True,True,True,True,Profile + Tweet + Temporal + Graph
HiwaTubeAI,bot(1),True,True,False,False,False,Profile + Tweet
Arad60292050,bot(1),True,True,False,False,False,Profile + Tweet
RufusBeyn,bot(1),True,True,True,True,False,Profile + Tweet + Temporal
Saeed48920740,bot(1),True,True,True,True,True,Profile + Tweet + Temporal + Graph
moslehiali,human(2),True,True,True,True,False,Profile + Tweet + Temporal
IranIntl,News Agent(3),True,True,True,True,True,Profile + Tweet + Temporal + Graph
sheykhbabar2,human(2),True,True,True,True,False,Profile + Tweet + Temporal
mollah,human(2),True,True,True,True,False,Profile + Tweet + Temporal
LadiKhanom,human(2),True,True,True,True,True,Profile + Tweet + Temporal + Graph
mohammad2zab,human(2),True,True,True,True,False,Profile + Tweet + Temporal
iranwire,human(2),True,True,True,True,True,Profile + Tweet + Temporal + Graph
Pegahan__,human(2),True,True,True,True,False,Profile + Tweet + Temporal
dariush25371,human(2),True,True,True,True,False,Profile + Tweet + Temporal
drpezeshkian2,News Agent(3),True,True,True,True,False,Profile + Tweet + Temporal
AccuracyHHM,human(2),True,True,True,True,False,Profile + Tweet + Temporal
Radman2576,human(2),True,True,True,True,False,Profile + Tweet + Temporal
xBx73mOl77qBATH,human(2),True,True,True,True,False,Profile + Tweet + Temporal
saba_khoi,human(2),True,True,True,True,True,Profile + Tweet + Temporal + Graph
sattarkhan121,bot(1),True,True,True,True,True,Profile + Tweet + Temporal + Graph
Adlin_SheHulk,human(2),True,True,True,True,True,Profile + Tweet + Temporal + Graph
azarbayjanX,human(2),True,True,True,True,False,Profile + Tweet + Temporal
RealPersianGod,human(2),True,True,True,True,True,Profile + Tweet + Temporal + Graph
5pickkk,unverified(4),True,True,True,True,True,Profile + Tweet + Temporal + Graph
mahsa_300,bot(1),True,True,True,True,False,Profile + Tweet + Temporal
Calling_Parisa,human(2),True,True,False,False,False,Profile + Tweet
TNitrT,human(2),True,True,True,True,False,Profile + Tweet + Temporal
SafaiDarya,human(2),True,True,True,True,False,Profile + Tweet + Temporal
RBehrouzDO,human(2),True,True,True,True,True,Profile + Tweet + Temporal + Graph
BeniSabti,human(2),True,True,True,True,False,Profile + Tweet + Temporal
rahar9075,bot(1),True,True,True,True,False,Profile + Tweet + Temporal
golberg2582,bot(1),True,True,True,True,False,Profile + Tweet + Temporal
flexcr7,human(2),True,True,False,False,False,Profile + Tweet
RosebudDonKhoan,human(2),True,True,False,False,False,Profile + Tweet
AAzadian2005,bot(1),True,True,True,True,False,Profile + Tweet + Temporal
KingBacker1,bot(1),True,True,True,True,False,Profile + Tweet + Temporal
PahlaviahoraeeP,bot(1),True,True,True,True,True,Profile + Tweet + Temporal + Graph
iran33k,human(2),True,True,False,False,False,Profile + Tweet
IranNovinParty,News Agent(3),True,True,True,True,True,Profile + Tweet + Temporal + Graph
MOperaPhantom,unverified(4),True,True,True,True,False,Profile + Tweet + Temporal
SedSia,human(2),True,True,True,True,False,Profile + Tweet + Temporal
balochestan1422,human(2),True,True,True,True,False,Profile + Tweet + Temporal
ShiraziShaheen,can’t find,True,True,True,True,True,Profile + Tweet + Temporal + Graph
Bahar__Bahari,human(2),True,True,True,True,False,Profile + Tweet + Temporal
AriaVatanpour,human(2),True,True,True,True,True,Profile + Tweet + Temporal + Graph
jabijoon26588,bot(1),True,True,True,True,False,Profile + Tweet + Temporal
iranianbamdad20,unverified(4),True,True,True,True,False,Profile + Tweet + Temporal
lexi__princess,human(2),True,True,True,True,False,Profile + Tweet + Temporal
soroush_mary,bot(1),True,True,False,False,False,Profile + Tweet
Bahar_e_Azadi,human(2),True,True,True,True,False,Profile + Tweet + Temporal
kaveh_shirzad,human(2),True,True,True,True,False,Profile + Tweet + Temporal
shadisadr,human(2),True,True,True,True,False,Profile + Tweet + Temporal
EboshiJasmine,human(2),True,True,True,True,False,Profile + Tweet + Temporal
khshayartaj,can’t find,True,True,True,True,True,Profile + Tweet + Temporal + Graph
rasulbajelan,human(2),True,True,True,True,True,Profile + Tweet + Temporal + Graph
siaayrom,bot(1),True,True,True,True,False,Profile + Tweet + Temporal
dariush_omran,human(2),True,True,True,True,False,Profile + Tweet + Temporal
Kourosh634,bot(1),True,True,True,True,False,Profile + Tweet + Temporal
Shahin56802127,human(2),True,True,True,True,False,Profile + Tweet + Temporal
Me_Hamed_Myself,human(2),True,True,True,True,True,Profile + Tweet + Temporal + Graph
With_pahlavi3,bot(1),True,True,True,True,False,Profile + Tweet + Temporal
ArdavanMofid,human(2),True,True,True,True,False,Profile + Tweet + Temporal
Hossein_68_38,human(2),True,True,True,True,False,Profile + Tweet + Temporal
UomoMees,human(2),True,True,True,True,True,Profile + Tweet + Temporal + Graph
ShahramMakoui48,human(2),True,True,False,False,False,Profile + Tweet
CameronBehzadi,human(2),True,True,True,True,False,Profile + Tweet + Temporal
ShDelfan,human(2),True,True,True,True,False,Profile + Tweet + Temporal
Vatanamk,can’t find,True,True,True,True,False,Profile + Tweet + Temporal
Dadylongleggpv,human(2),True,True,True,True,False,Profile + Tweet + Temporal
HastiGh4,unverified(4),True,True,False,False,True,Profile + Tweet + Graph
Trdigrade,human(2),True,True,True,True,False,Profile + Tweet + Temporal
Asayesh176,can’t find,True,False,True,True,True,Profile + Temporal + Graph
parysatis_banoo,human(2),True,True,True,True,True,Profile + Tweet + Temporal + Graph
Aramofen,human(2),True,True,True,True,False,Profile + Tweet + Temporal
Aryan_phoenix,unverified(4),True,True,True,True,False,Profile + Tweet + Temporal
Zimmermann____,bot(1),True,True,True,True,False,Profile + Tweet + Temporal
XPishik,human(2),True,True,True,True,False,Profile + Tweet + Temporal
khodn98,human(2),True,True,True,True,False,Profile + Tweet + Temporal
simin223316966,human(2),True,True,True,True,False,Profile + Tweet + Temporal
pirozzzzzzzzz,human(2),True,True,True,True,False,Profile + Tweet + Temporal
NaeimShahi_Nima,human(2),True,True,True,True,False,Profile + Tweet + Temporal
afshari_aku,human(2),True,True,True,True,True,Profile + Tweet + Temporal + Graph
akserouz,unverified(4),True,True,True,True,False,Profile + Tweet + Temporal
Bob00033791,human(2),True,True,False,False,True,Profile + Tweet + Graph
ShahbanouFarah,human(2),True,True,True,True,False,Profile + Tweet + Temporal
Chahdortt,human(2),True,True,True,True,False,Profile + Tweet + Temporal
simurgh2580,human(2),True,True,True,True,False,Profile + Tweet + Temporal
shirinkhanomam,human(2),True,True,True,True,True,Profile + Tweet + Temporal + Graph
Sssccpp,human(2),True,True,True,True,False,Profile + Tweet + Temporal
fuzakeruna16,human(2),True,True,True,True,False,Profile + Tweet + Temporal
chehre3521,human(2),True,True,True,True,False,Profile + Tweet + Temporal
Mr20228,bot(1),True,True,True,True,False,Profile + Tweet + Temporal
siahylashkar,human(2),True,True,False,False,False,Profile + Tweet
dadkhahim,bot(1),True,True,True,True,False,Profile + Tweet + Temporal
Ario1401,human(2),True,True,True,True,True,Profile + Tweet + Temporal + Graph
mahii_to,bot(1),True,True,False,False,False,Profile + Tweet
Safa_8863,human(2),True,True,True,True,True,Profile + Tweet + Temporal + Graph
navidi49,human(2),True,True,True,True,False,Profile + Tweet + Temporal
Arsha45914097,human(2),True,True,True,True,False,Profile + Tweet + Temporal
gorbehsiah,unverified(4),True,True,False,False,False,Profile + Tweet
suuoozanam,human(2),True,True,False,False,False,Profile + Tweet
CemalK25777Cema,bot(1),True,True,True,True,False,Profile + Tweet + Temporal
arteemis60,bot(1),True,True,True,True,False,Profile + Tweet + Temporal
samirkh1389,bot(1),True,True,True,True,False,Profile + Tweet + Temporal
DPezeshkian1403,News Agent(3),True,True,True,True,False,Profile + Tweet + Temporal
john_lucckk,can’t find,True,True,True,True,True,Profile + Tweet + Temporal + Graph
BELOVEDIRAAAAN,human(2),True,True,True,True,False,Profile + Tweet + Temporal
bardi1980,human(2),True,True,True,True,False,Profile + Tweet + Temporal
Rppress0,bot(1),True,True,False,False,False,Profile + Tweet
JashniMitra,human(2),True,True,False,False,False,Profile + Tweet
javadsimin,human(2),True,True,True,True,False,Profile + Tweet + Temporal
FAli1969,human(2),True,True,False,False,False,Profile + Tweet
arezoubehrang_,human(2),True,True,True,True,False,Profile + Tweet + Temporal
MaryamDior,can’t find,True,True,True,True,False,Profile + Tweet + Temporal
ariyaii_rahjoo,human(2),True,True,True,True,False,Profile + Tweet + Temporal
Tymsar2578,bot(1),True,True,True,True,False,Profile + Tweet + Temporal
FarashgardFdn,unverified(4),True,True,True,True,True,Profile + Tweet + Temporal + Graph
6njeli,human(2),True,True,False,False,False,Profile + Tweet
Scorpionofiran1,human(2),True,True,True,True,False,Profile + Tweet + Temporal
ardeshiramiri,human(2),True,True,True,True,False,Profile + Tweet + Temporal
kamalpishvandi,human(2),True,True,True,True,False,Profile + Tweet + Temporal
DavariAbdolreza,human(2),True,True,True,True,True,Profile + Tweet + Temporal + Graph
Mehr_mihan,human(2),True,True,False,False,True,Profile + Tweet + Graph
ALBORZ_ANJOMAN,can’t find,True,True,True,True,False,Profile + Tweet + Temporal
Sho_Ber_5,human(2),True,True,True,True,False,Profile + Tweet + Temporal
RADOCLUB,human(2),True,True,False,False,False,Profile + Tweet
NaghmeL,bot(1),True,True,True,True,False,Profile + Tweet + Temporal
jwd06342045,human(2),True,True,True,True,False,Profile + Tweet + Temporal
Nasrinrose1,human(2),True,True,True,True,True,Profile + Tweet + Temporal + Graph
dariush2023,bot(1),True,True,True,True,True,Profile + Tweet + Temporal + Graph
Ehsanism,human(2),True,True,True,True,False,Profile + Tweet + Temporal
Nationalist101,bot(1),True,True,False,False,True,Profile + Tweet + Graph
crissss_sh,bot(1),True,True,True,True,False,Profile + Tweet + Temporal
twittbirds7,bot(1),True,True,False,False,False,Profile + Tweet
pegah_shirazi,human(2),True,True,True,True,False,Profile + Tweet + Temporal
Parsaghobadi123,human(2),True,True,True,True,True,Profile + Tweet + Temporal + Graph
LiberalArtist00,human(2),True,True,True,True,False,Profile + Tweet + Temporal
memar1982,human(2),True,True,True,True,False,Profile + Tweet + Temporal
Malin54449388,human(2),True,True,True,True,True,Profile + Tweet + Temporal + Graph
farshidbabaei18,human(2),True,True,True,True,False,Profile + Tweet + Temporal
RadmehrSiavash,human(2),True,True,False,False,False,Profile + Tweet
khokhlakof,unverified(4),True,True,False,False,True,Profile + Tweet + Graph
mojtabanikoo,human(2),True,True,True,True,False,Profile + Tweet + Temporal
Pedar_Bozorgggg,human(2),True,True,True,True,False,Profile + Tweet + Temporal
Amardiyamm,human(2),True,True,True,True,False,Profile + Tweet + Temporal
rahaaaman,human(2),True,True,True,True,False,Profile + Tweet + Temporal
CaramelCakeeee,human(2),True,True,True,True,False,Profile + Tweet + Temporal
KambizGhafouri,human(2),True,True,True,True,True,Profile + Tweet + Temporal + Graph
AliAghell,human(2),True,True,False,False,False,Profile + Tweet
quietgirl7319,human(2),True,True,True,True,False,Profile + Tweet + Temporal
kalaq666,bot(1),True,True,False,False,False,Profile + Tweet
AbiDel23952698,human(2),True,True,False,False,True,Profile + Tweet + Graph
Mojtabapacino,human(2),True,True,True,True,False,Profile + Tweet + Temporal
Hoorieh81,bot(1),True,True,True,True,True,Profile + Tweet + Temporal + Graph
Milad_Aghai1,human(2),True,True,True,True,False,Profile + Tweet + Temporal
CheNahaara,human(2),True,True,True,True,False,Profile + Tweet + Temporal
b2Kaveh,human(2),True,True,True,True,False,Profile + Tweet + Temporal
NasehMohi,bot(1),True,True,True,True,False,Profile + Tweet + Temporal
kont1320,unverified(4),True,True,True,True,False,Profile + Tweet + Temporal
the_leoleeny,human(2),True,True,True,True,False,Profile + Tweet + Temporal
History_Wall,human(2),True,True,True,True,True,Profile + Tweet + Temporal + Graph
BarfiiIran,bot(1),True,True,True,True,True,Profile + Tweet + Temporal + Graph
JavidShahansha,can’t find,True,True,True,True,False,Profile + Tweet + Temporal
Leila_Arya2,bot(1),True,True,True,True,False,Profile + Tweet + Temporal
HegeI_javan,human(2),True,True,False,False,True,Profile + Tweet + Graph
kamangir77,can’t find,True,True,True,True,False,Profile + Tweet + Temporal
firstzorba1,human(2),True,True,True,True,False,Profile + Tweet + Temporal
ariafarpoori,human(2),True,True,True,True,True,Profile + Tweet + Temporal + Graph
drkopii,human(2),True,True,True,True,True,Profile + Tweet + Temporal + Graph
BParnian1,human(2),True,True,True,True,True,Profile + Tweet + Temporal + Graph
SepehriHamed,human(2),True,True,True,True,False,Profile + Tweet + Temporal
noodlesss1990,human(2),True,True,True,True,False,Profile + Tweet + Temporal
HSheibanyrad,human(2),True,True,True,True,False,Profile + Tweet + Temporal
Thank_you_Dj,human(2),True,True,True,True,False,Profile + Tweet + Temporal
_Jese_Pinkman,human(2),True,True,True,True,False,Profile + Tweet + Temporal
sangtarash_azad,human(2),True,True,False,False,True,Profile + Tweet + Graph
shortfairy809,human(2),True,True,True,True,True,Profile + Tweet + Temporal + Graph
ANTIAMOONiM,human(2),True,True,False,False,False,Profile + Tweet
soozi2244,human(2),True,True,False,False,False,Profile + Tweet
APasserby12,human(2),True,True,True,True,False,Profile + Tweet + Temporal
manototv,News Agent(3),True,True,True,True,False,Profile + Tweet + Temporal
Omidam_Hamin,human(2),True,True,False,False,False,Profile + Tweet
JC_Constantine1,bot(1),True,True,True,True,False,Profile + Tweet + Temporal
pesarrrr,bot(1),True,True,True,True,False,Profile + Tweet + Temporal
trumppersia,human(2),True,True,False,False,False,Profile + Tweet
SHAHIAVID,bot(1),True,True,True,True,False,Profile + Tweet + Temporal
sedaye_iran,human(2),True,True,True,True,False,Profile + Tweet + Temporal
IMbeatreas,human(2),True,True,False,False,True,Profile + Tweet + Graph
kazeroonkings,bot(1),True,True,True,True,False,Profile + Tweet + Temporal
sohrab_siyavosh,bot(1),True,True,True,True,False,Profile + Tweet + Temporal
SavaSavadkoohi,human(2),True,True,True,True,False,Profile + Tweet + Temporal
AliAlimartin893,human(2),True,True,True,True,False,Profile + Tweet + Temporal
Solo_Commando,human(2),True,True,False,False,True,Profile + Tweet + Graph
Saraab23734615,unverified(4),True,True,False,False,False,Profile + Tweet
0mhp037,human(2),True,True,True,True,False,Profile + Tweet + Temporal
Hosein_Golzar75,bot(1),True,True,False,False,False,Profile + Tweet
ArminNavabi,human(2),True,True,True,True,False,Profile + Tweet + Temporal
MahmoudZibaie,human(2),True,True,True,True,False,Profile + Tweet + Temporal
mostafaa_karimi,human(2),True,True,True,True,False,Profile + Tweet + Temporal
AsgharSepehri,human(2),True,True,True,True,True,Profile + Tweet + Temporal + Graph
LadyJusticeIran,human(2),True,True,True,True,False,Profile + Tweet + Temporal
2EXPvZWQ7LLPX4P,human(2),True,True,True,True,False,Profile + Tweet + Temporal
scharllinn,human(2),True,True,True,True,False,Profile + Tweet + Temporal
E_Aria_N,unverified(4),True,True,True,True,False,Profile + Tweet + Temporal
0DZiSITpiiNtEKe,human(2),True,True,True,True,False,Profile + Tweet + Temporal
NoushaEshghi,human(2),True,True,True,True,True,Profile + Tweet + Temporal + Graph
DanaMehraban,human(2),True,True,True,True,True,Profile + Tweet + Temporal + Graph
Ansari_Bahman,human(2),True,True,True,True,True,Profile + Tweet + Temporal + Graph
1fE0H6Rofed6H0P,bot(1),True,True,True,True,False,Profile + Tweet + Temporal
aliemamiofnyc,human(2),True,True,True,True,False,Profile + Tweet + Temporal
hashemasa,bot(1),True,True,True,True,True,Profile + Tweet + Temporal + Graph
Arezoo_8060,human(2),True,True,True,True,False,Profile + Tweet + Temporal
tanhatak5112,human(2),True,True,True,True,True,Profile + Tweet + Temporal + Graph
esmailpour_m,human(2),True,True,True,True,True,Profile + Tweet + Temporal + Graph
rahaforever4you,bot(1),True,True,True,True,False,Profile + Tweet + Temporal
frank_1929,human(2),True,True,True,True,False,Profile + Tweet + Temporal
Peroz401939762,human(2),True,True,True,True,False,Profile + Tweet + Temporal
D0wn_Under,human(2),True,True,True,True,True,Profile + Tweet + Temporal + Graph
talaye738,bot(1),True,True,True,True,False,Profile + Tweet + Temporal
mohammadsoltann,human(2),True,True,True,True,True,Profile + Tweet + Temporal + Graph
corrrdeliiiaaa,human(2),True,True,True,True,False,Profile + Tweet + Temporal
rasoulipour,human(2),True,True,True,True,False,Profile + Tweet + Temporal
Arman1828ex,human(2),True,True,False,False,True,Profile + Tweet + Graph
roshanak_ast,human(2),True,True,True,True,False,Profile + Tweet + Temporal
SasanAmjadi,human(2),True,True,True,True,True,Profile + Tweet + Temporal + Graph
mard_meshki,human(2),True,True,True,True,False,Profile + Tweet + Temporal
AfshinEllian1,human(2),True,True,True,True,False,Profile + Tweet + Temporal
SaiedehSaideh59,human(2),True,True,True,True,True,Profile + Tweet + Temporal + Graph
Hqkaya,can’t find,True,True,True,True,False,Profile + Tweet + Temporal
Qaaaasem,human(2),True,True,True,True,False,Profile + Tweet + Temporal
kayvanabbassi,human(2),True,True,True,True,False,Profile + Tweet + Temporal
safarazlilipoot,can’t find,True,True,True,True,False,Profile + Tweet + Temporal
protester0101,human(2),True,True,True,True,True,Profile + Tweet + Temporal + Graph
sadeghZibakalam,human(2),True,True,True,True,True,Profile + Tweet + Temporal + Graph
Fareydunfarrokh,unverified(4),True,True,True,True,True,Profile + Tweet + Temporal + Graph
Giti544,human(2),True,True,True,True,False,Profile + Tweet + Temporal
ArteshAriamehr,human(2),True,True,True,True,False,Profile + Tweet + Temporal
AriamehrAaron,bot(1),True,True,True,True,False,Profile + Tweet + Temporal
charlychaplin25,bot(1),True,True,True,True,True,Profile + Tweet + Temporal + Graph
5anazazana5,human(2),True,True,True,True,False,Profile + Tweet + Temporal
FanpageYaspah,can’t find,True,True,True,True,False,Profile + Tweet + Temporal
c5GbNjtYsfYcHMr,bot(1),True,True,True,True,False,Profile + Tweet + Temporal
oshtb,human(2),True,True,True,True,False,Profile + Tweet + Temporal
mehrdadbkhtiari,human(2),True,True,True,True,False,Profile + Tweet + Temporal
HiwaTubeAI2,bot(1),True,True,True,True,False,Profile + Tweet + Temporal
SGhasseminejad,human(2),True,True,True,True,True,Profile + Tweet + Temporal + Graph
ilya_sh3,can’t find,True,True,True,True,False,Profile + Tweet + Temporal
potypto,human(2),True,True,False,False,True,Profile + Tweet + Graph
mahsa8659,human(2),True,True,False,False,False,Profile + Tweet
Emen43054466,bot(1),True,True,True,True,False,Profile + Tweet + Temporal
shgolzarfar,can’t find,True,True,True,True,False,Profile + Tweet + Temporal
DidarHesam,unverified(4),True,True,False,False,False,Profile + Tweet
abelbalb,human(2),True,True,False,False,True,Profile + Tweet + Graph
IRAN_javid863,human(2),True,True,True,True,False,Profile + Tweet + Temporal
Mard62881776,human(2),True,True,True,True,True,Profile + Tweet + Temporal + Graph
zarei_arad,bot(1),True,True,True,True,False,Profile + Tweet + Temporal
KiMo10626877,can’t find,True,True,False,False,False,Profile + Tweet
Rezahashemi1919,bot(1),True,True,True,True,False,Profile + Tweet + Temporal
Pahlavi3vom,bot(1),True,True,True,True,False,Profile + Tweet + Temporal
Ivar_lathbrug2,human(2),True,True,True,True,False,Profile + Tweet + Temporal
PartyPikp2582,can’t find,True,True,True,True,False,Profile + Tweet + Temporal
MahdaviLeily,human(2),True,True,True,True,True,Profile + Tweet + Temporal + Graph
SARBAZEH_VATAN1,human(2),True,True,True,True,False,Profile + Tweet + Temporal
mr_yousefi_,human(2),True,True,True,True,False,Profile + Tweet + Temporal
Mitra_Jashni,human(2),True,True,False,False,True,Profile + Tweet + Graph
MashinMonee,bot(1),True,True,True,True,False,Profile + Tweet + Temporal
EELKHAN1,human(2),True,True,True,True,True,Profile + Tweet + Temporal + Graph
hashemy_ir,can’t find,True,True,True,True,True,Profile + Tweet + Temporal + Graph
HHeLLFireeeeee,human(2),True,True,True,True,False,Profile + Tweet + Temporal
Queenaurora209,can’t find,True,True,True,True,False,Profile + Tweet + Temporal
zone7689,bot(1),True,True,True,True,True,Profile + Tweet + Temporal + Graph
shah_pari431,unverified(4),True,True,False,False,False,Profile + Tweet
NaeimehDoustdar,human(2),True,True,True,True,True,Profile + Tweet + Temporal + Graph
aokurucz,bot(1),True,True,True,True,False,Profile + Tweet + Temporal
shaheen_ir,human(2),True,True,True,True,True,Profile + Tweet + Temporal + Graph
FXMNDLSN,human(2),True,True,False,False,False,Profile + Tweet
yaamaashitaa,human(2),True,True,True,True,False,Profile + Tweet + Temporal
Medinfo_X,human(2),True,True,True,True,False,Profile + Tweet + Temporal
GadflyPersia,unverified(4),True,True,False,False,False,Profile + Tweet
BehrouzBoochani,human(2),True,True,False,False,True,Profile + Tweet + Graph
VidaSarafraz,human(2),True,True,True,True,True,Profile + Tweet + Temporal + Graph
JM_pensylvani,human(2),True,True,True,True,False,Profile + Tweet + Temporal
abdorezaahmadi,human(2),True,True,True,True,True,Profile + Tweet + Temporal + Graph
HeKasrehCrisis,human(2),True,True,True,True,False,Profile + Tweet + Temporal
DDSBobby,human(2),True,True,True,True,False,Profile + Tweet + Temporal
KFravahar,human(2),True,True,True,True,True,Profile + Tweet + Temporal + Graph
RezaS27,human(2),True,True,True,True,False,Profile + Tweet + Temporal
hastyarrr,human(2),True,True,True,True,True,Profile + Tweet + Temporal + Graph
cafeandisheh,human(2),True,True,True,True,False,Profile + Tweet + Temporal
mabi182,human(2),True,True,True,True,True,Profile + Tweet + Temporal + Graph
FardadFarahzad,can’t find,True,True,True,True,True,Profile + Tweet + Temporal + Graph
amiretemadi,human(2),True,True,True,True,True,Profile + Tweet + Temporal + Graph
hosseintajik07,bot(1),True,True,False,False,False,Profile + Tweet
Akhis_pakhis2,human(2),True,True,True,True,False,Profile + Tweet + Temporal
SiamakGhassemi,human(2),True,True,True,True,True,Profile + Tweet + Temporal + Graph
Hosein40122106,human(2),True,True,True,True,False,Profile + Tweet + Temporal
IRAANBAAN,bot(1),True,True,True,True,False,Profile + Tweet + Temporal
MFshfshh71601,can’t find,True,True,True,True,False,Profile + Tweet + Temporal
AliEbrahimzade_,human(2),True,True,True,True,True,Profile + Tweet + Temporal + Graph
Ava_e_rahaee,unverified(4),True,True,True,True,False,Profile + Tweet + Temporal
LawdanBazargan,bot(1),True,True,True,True,False,Profile + Tweet + Temporal
gohareshghi,bot(1),True,True,True,True,False,Profile + Tweet + Temporal
m_ojmal,human(2),True,True,True,True,True,Profile + Tweet + Temporal + Graph
MohammadSaam_M,human(2),True,True,True,True,False,Profile + Tweet + Temporal
nooralitoon,human(2),True,True,True,True,True,Profile + Tweet + Temporal + Graph
____ROHI____,human(2),True,True,False,False,False,Profile + Tweet
KamranMatin,human(2),True,True,True,True,False,Profile + Tweet + Temporal
PDKIfarsi,News Agent(3),True,True,True,True,False,Profile + Tweet + Temporal
KnightAnahita19,human(2),True,True,True,True,False,Profile + Tweet + Temporal
tomasshellllby,human(2),True,True,True,True,False,Profile + Tweet + Temporal
sasanrahimpour1,bot(1),True,True,True,True,True,Profile + Tweet + Temporal + Graph
__Injaneb96,human(2),True,True,False,False,False,Profile + Tweet
ybensnkr888,human(2),True,True,False,False,False,Profile + Tweet
nastaran8888,bot(1),True,True,True,True,True,Profile + Tweet + Temporal + Graph
Mosolchi,human(2),True,True,True,True,False,Profile + Tweet + Temporal
hzarkesh,human(2),True,True,True,True,False,Profile + Tweet + Temporal
seedhossein2111,human(2),True,True,True,True,False,Profile + Tweet + Temporal
pahlavi_yasmine,bot(1),True,True,True,True,True,Profile + Tweet + Temporal + Graph
H_2Arya,human(2),True,True,True,True,False,Profile + Tweet + Temporal
2TOSgzCFJ8VtSJK,human(2),True,True,True,True,False,Profile + Tweet + Temporal
Gmod_irian,can’t find,True,True,True,True,False,Profile + Tweet + Temporal
Arashir22142540,human(2),True,True,True,True,False,Profile + Tweet + Temporal
Arash87kamangir,human(2),True,True,False,False,False,Profile + Tweet
SamanArbabi,human(2),True,True,True,True,False,Profile + Tweet + Temporal
_tinafrn_,unverified(4),True,True,True,True,False,Profile + Tweet + Temporal
agha_xavier2,human(2),True,True,True,True,False,Profile + Tweet + Temporal
mashmolak,bot(1),True,True,True,True,False,Profile + Tweet + Temporal
ARHAMEL2,human(2),True,True,False,False,True,Profile + Tweet + Graph
lilireyyy,unverified(4),True,True,True,True,False,Profile + Tweet + Temporal
hooman__khalili,human(2),True,True,True,True,False,Profile + Tweet + Temporal
matador_khaste,human(2),True,True,True,True,False,Profile + Tweet + Temporal
ShayanX0,bot(1),True,True,True,True,True,Profile + Tweet + Temporal + Graph
Rayan9717,human(2),True,True,True,True,True,Profile + Tweet + Temporal + Graph
freeman010,bot(1),True,True,True,True,True,Profile + Tweet + Temporal + Graph
Oliver_jzy,can’t find,True,True,False,False,False,Profile + Tweet
GolestanParsa,human(2),True,True,False,False,False,Profile + Tweet
king_fishpoet,human(2),True,True,True,True,False,Profile + Tweet + Temporal
wilma890,unverified(4),True,True,True,True,True,Profile + Tweet + Temporal + Graph
Farbodahmadi880,human(2),True,True,True,True,True,Profile + Tweet + Temporal + Graph
F7_Arash,human(2),True,True,False,False,False,Profile + Tweet
adam_hesabi1,human(2),True,True,True,True,False,Profile + Tweet + Temporal
Airf0rArts,News Agent(3),True,True,False,False,True,Profile + Tweet + Graph
arash135713,unverified(4),True,True,True,True,False,Profile + Tweet + Temporal
salarvan_vahid,human(2),True,True,True,True,False,Profile + Tweet + Temporal
leiliii27,human(2),True,True,True,True,False,Profile + Tweet + Temporal
Mooniter,human(2),True,True,True,True,False,Profile + Tweet + Temporal
roshangarnasl,human(2),True,True,True,True,False,Profile + Tweet + Temporal
Bahar00452227,human(2),True,True,True,True,False,Profile + Tweet + Temporal
Amooamirkhan,bot(1),True,True,True,True,False,Profile + Tweet + Temporal
mypersia1_,can’t find,True,True,True,True,False,Profile + Tweet + Temporal
BeeVan88,bot(1),True,True,True,True,False,Profile + Tweet + Temporal
Persian_picture,human(2),True,True,True,True,False,Profile + Tweet + Temporal
GreyWol08482159,bot(1),True,True,False,False,False,Profile + Tweet
NFreeIran2022,human(2),True,True,True,True,False,Profile + Tweet + Temporal
OmidKT62,human(2),True,True,True,True,True,Profile + Tweet + Temporal + Graph
sedaye_mardoom,human(2),True,True,True,True,False,Profile + Tweet + Temporal
PanteaPeyvandi,human(2),True,True,True,True,True,Profile + Tweet + Temporal + Graph
mojgan07798961,human(2),True,True,True,True,False,Profile + Tweet + Temporal
EbneHava,human(2),True,True,True,True,True,Profile + Tweet + Temporal + Graph
majid53866855,bot(1),True,True,True,True,False,Profile + Tweet + Temporal
lIshaghayeghlI,human(2),True,True,True,True,False,Profile + Tweet + Temporal
Maj_mohammadi,bot(1),True,True,True,True,False,Profile + Tweet + Temporal
morrysafi,human(2),True,True,True,True,False,Profile + Tweet + Temporal
saraa22shz,can’t find,True,True,True,True,False,Profile + Tweet + Temporal
Tanhatarin00,bot(1),True,True,False,False,False,Profile + Tweet
_mendeleev,human(2),True,True,True,True,False,Profile + Tweet + Temporal
iman_inj,human(2),True,True,True,True,False,Profile + Tweet + Temporal
Freedom_of_IR,human(2),True,True,True,True,False,Profile + Tweet + Temporal
SushyanPahlavi,human(2),True,True,True,True,True,Profile + Tweet + Temporal + Graph
HistoryInPik,human(2),True,True,True,True,False,Profile + Tweet + Temporal
shahinnajafi80,human(2),True,True,True,True,False,Profile + Tweet + Temporal
ShahramKhalatb1,can’t find,True,True,False,False,False,Profile + Tweet
alirzadabir,human(2),True,True,True,True,False,Profile + Tweet + Temporal
antipantork1,bot(1),True,True,True,True,False,Profile + Tweet + Temporal
ElhamOmidvari,human(2),True,True,True,True,False,Profile + Tweet + Temporal
AntiProp_aganda,human(2),True,True,True,True,False,Profile + Tweet + Temporal
marytabanejad,human(2),True,True,True,True,False,Profile + Tweet + Temporal
YepremKhann,human(2),True,True,True,True,False,Profile + Tweet + Temporal
FAZEL_TWT,human(2),True,True,True,True,False,Profile + Tweet + Temporal
Sokoot3333,bot(1),True,True,True,True,False,Profile + Tweet + Temporal
JavidanIranema,human(2),True,True,True,True,False,Profile + Tweet + Temporal
hesamorouji,human(2),True,True,True,True,False,Profile + Tweet + Temporal
J1nne,can’t find,True,True,True,True,False,Profile + Tweet + Temporal
Parpanchi,human(2),True,True,True,True,True,Profile + Tweet + Temporal + Graph
Diiyako_ir,human(2),True,True,False,False,False,Profile + Tweet
fuxy_twite,human(2),True,True,True,True,False,Profile + Tweet + Temporal
megamaniran,bot(1),True,True,False,False,False,Profile + Tweet
HichkasOfficial,human(2),True,True,True,True,False,Profile + Tweet + Temporal
Artemizshahdokh,human(2),True,True,True,True,False,Profile + Tweet + Temporal
eliiranabad,bot(1),True,True,True,True,False,Profile + Tweet + Temporal
pahlavi_davoud,human(2),True,True,True,True,True,Profile + Tweet + Temporal + Graph
farvahar2023,human(2),True,True,True,True,False,Profile + Tweet + Temporal
rahe_AZADI_5,bot(1),True,True,True,True,False,Profile + Tweet + Temporal
Ervin_dearcelo2,human(2),True,True,True,True,True,Profile + Tweet + Temporal + Graph
darwinsabouri,human(2),True,True,False,False,False,Profile + Tweet
rezak121212,human(2),True,True,True,True,True,Profile + Tweet + Temporal + Graph
Revolution_R_,human(2),True,True,True,True,True,Profile + Tweet + Temporal + Graph
frarandeh,bot(1),True,True,True,True,False,Profile + Tweet + Temporal
PahlaviKourosh,human(2),True,True,True,True,False,Profile + Tweet + Temporal
SiavashIran,human(2),True,True,False,False,False,Profile + Tweet
Koroshariae2021,human(2),True,True,True,True,False,Profile + Tweet + Temporal
IranPlateau1,bot(1),True,True,True,True,True,Profile + Tweet + Temporal + Graph
chawshin_83,human(2),True,True,False,False,False,Profile + Tweet
rezayyyyyyy,human(2),True,True,True,True,False,Profile + Tweet + Temporal
GreatIran2023,can’t find,True,True,True,True,False,Profile + Tweet + Temporal
agha_rashti2,human(2),True,True,True,True,False,Profile + Tweet + Temporal
Iranaryan2579,human(2),True,True,False,False,True,Profile + Tweet + Graph
Malusakam,human(2),True,True,True,True,False,Profile + Tweet + Temporal
_AshkAval_,human(2),True,True,True,True,False,Profile + Tweet + Temporal
negannegan55,human(2),True,True,True,True,True,Profile + Tweet + Temporal + Graph
RadioZamaneh,can’t find,True,True,True,True,False,Profile + Tweet + Temporal
Mhrdadbarandaz3,bot(1),True,True,False,False,True,Profile + Tweet + Graph
unknownproteste,human(2),True,True,True,True,False,Profile + Tweet + Temporal
Lily92874373,bot(1),True,True,True,True,False,Profile + Tweet + Temporal
naslesookhtehh,human(2),True,True,True,True,False,Profile + Tweet + Temporal
Azadlavasani,human(2),True,True,True,True,False,Profile + Tweet + Temporal
