screen_name,tweet_count,mean_like_count,mean_reply_count,mean_retweet_count,mean_quote_count
007mi00,21,585.9047619047619,48.0,136.8095238095238,7.0
0DZiSITpiiNtEKe,220,34.372727272727275,5.886363636363637,9.040909090909091,0.5227272727272727
0mhp037,1,2126.0,289.0,197.0,21.0
0xKaveh,1,51.0,4.0,0.0,0.0
18Mandana,11,34.45454545454545,3.727272727272727,11.272727272727273,0.8181818181818182
1fE0H6Rofed6H0P,25,1.56,0.12,0.04,0.0
2002Kingfox,38,3002.4210526315787,62.5,413.7368421052632,6.078947368421052
2EXPvZWQ7LLPX4P,3,229.33333333333334,10.0,36.666666666666664,1.0
2TOSgzCFJ8VtSJK,4,0.5,0.5,0.0,0.25
2_grami,3,4.666666666666667,0.0,0.3333333333333333,0.0
5anazazana5,6,403.0,30.666666666666668,138.5,5.0
5pickkk,116,410.1465517241379,24.887931034482758,91.17241379310344,2.3879310344827585
6njeli,15,321.1333333333333,13.266666666666667,33.0,1.0666666666666667
777Masiha,4,3.25,0.0,1.25,0.0
AAzadian2005,1,0.0,0.0,0.0,0.0
ALBORZ_ANJOMAN,45,299.8,8.422222222222222,88.73333333333333,3.2444444444444445
ANITABAKT,18,452.0,5.888888888888889,71.38888888888889,0.8333333333333334
ANTIAMOONiM,57,126.15789473684211,8.070175438596491,29.75438596491228,0.7017543859649122
ANTYTHEZIS,25,18.84,0.56,3.72,0.04
ANUBIS_GOD2,77,282.54545454545456,49.506493506493506,50.44155844155844,3.6623376623376624
APasserby12,84,369.1309523809524,6.464285714285714,74.35714285714286,1.9880952380952381
ARDESHIR005,12,1986.0,19.916666666666668,472.9166666666667,6.833333333333333
ARHAMEL2,974,405.2700205338809,15.717659137577002,88.43634496919918,2.0
AYAyatollahi,1,342.0,3.0,50.0,1.0
A_Jafarzadeh,1,590.0,355.0,486.0,34.0
AbiDel23952698,8,94.375,3.25,23.625,0.375
AccuracyHHM,102,203.7156862745098,7.137254901960785,60.63725490196079,2.2549019607843137
Achaemenid2582,17,302.3529411764706,21.470588235294116,84.58823529411765,2.7058823529411766
Action4IR,2,221.0,16.5,88.5,6.5
Addison77866447,55,188.74545454545455,22.236363636363638,36.54545454545455,1.4181818181818182
AdelBadel7,6,15.666666666666666,1.1666666666666667,2.3333333333333335,0.16666666666666666
Adlin_SheHulk,76,274.36842105263156,9.105263157894736,38.89473684210526,0.9342105263157895
AfshinEllian1,1,1549.0,108.0,397.0,20.0
AghayeThomas,14,1.3571428571428572,0.42857142857142855,0.07142857142857142,0.0
AhmadySetareh,4,1.75,0.25,0.25,0.0
Airf0rArts,2,62.5,1.0,13.5,1.0
AjaNews_persian,1,8.0,0.0,3.0,1.0
Akhis_pakhis2,36,8.5,0.3888888888888889,1.1111111111111112,0.027777777777777776
AkhoondeMorde,42,746.452380952381,48.45238095238095,160.78571428571428,4.785714285714286
AlArabiya_Fa,1,76.0,158.0,17.0,22.0
Alex47778556934,1,205.0,23.0,9.0,1.0
Ali49781135,65,90.0,2.8153846153846156,21.43076923076923,0.8307692307692308
AliAghell,2,592.5,20.5,142.5,4.5
AliAlimartin893,209,198.44497607655504,22.43062200956938,63.32057416267943,4.4066985645933014
AliEbrahimzade_,6,942.3333333333334,644.6666666666666,142.33333333333334,38.333333333333336
AliHamid27,10,2118.4,82.3,279.3,18.5
AliReza_Hafezi1,1,1049.0,530.0,127.0,14.0
AliZolg85051503,30,5.1,0.23333333333333334,0.6666666666666666,0.03333333333333333
Alighazizade,1,3633.0,1367.0,483.0,99.0
AlinejadMasih,2,2460.5,339.5,297.0,117.5
Alireza7553,11,47.0,1.4545454545454546,8.727272727272727,0.09090909090909091
Amardiyamm,1,131.0,2.0,17.0,0.0
AmiinMosavii94,1,1087.0,276.0,143.0,21.0
AminBehroozi2,143,8.853146853146853,0.965034965034965,2.825174825174825,0.03496503496503497
AmirHadiAnvari,2,4288.0,163.5,277.0,11.0
AmirTaheri4,1,419.0,26.0,150.0,11.0
AmiriySara,2,0.0,0.0,0.0,0.0
Amooamirkhan,6,163.0,18.166666666666668,8.0,1.8333333333333333
Angel71as,1,31.0,5.0,2.0,0.0
AngelOnDuty06,227,377.9867841409692,10.154185022026432,49.65638766519824,1.013215859030837
Ansari_Bahman,2,513.0,12.5,52.5,6.0
AntiProp_aganda,6,258.6666666666667,6.0,13.666666666666666,0.8333333333333334
AplcarolineDr,76,9.473684210526315,0.47368421052631576,2.3815789473684212,0.06578947368421052
AppleFarsii,1,0.0,0.0,0.0,1.0
Arad60292050,1001,772.2397602397602,22.030969030969032,138.77322677322678,2.7002997002997002
Aramofen,91,162.0,13.384615384615385,66.81318681318682,4.175824175824176
Arash87kamangir,69,154.2753623188406,10.942028985507246,50.63768115942029,2.2028985507246377
Arashir22142540,6,189.16666666666666,12.666666666666666,35.0,1.8333333333333333
ArdavanMofid,4,732.5,26.5,142.0,5.5
Arezoo_8060,19,285.3157894736842,17.210526315789473,61.1578947368421,2.3157894736842106
Arezurose,143,574.5454545454545,20.083916083916083,93.02797202797203,2.5454545454545454
AriaOmid,3,1.3333333333333333,1.0,0.0,0.0
AriaVatanpour,73,112.56164383561644,5.972602739726027,43.38356164383562,1.9589041095890412
Ariamehhr,3,5.333333333333333,0.0,2.6666666666666665,0.3333333333333333
AriamehrAaron,93,259.21505376344084,5.709677419354839,68.34408602150538,1.935483870967742
ArianArian00,6,675.3333333333334,114.83333333333333,64.83333333333333,9.5
ArianMutter,49,60.6530612244898,6.061224489795919,15.142857142857142,0.7346938775510204
Arianrad5,2,226.5,5.0,42.5,1.0
Ariaroshangar,15,259.46666666666664,9.933333333333334,71.73333333333333,3.066666666666667
Ario1401,151,2142.8675496688743,48.311258278145694,286.47682119205297,5.026490066225166
Arman1828ex,2,10.0,2.0,0.5,0.0
Armanjasoor,67,303.1641791044776,38.02985074626866,74.28358208955224,2.208955223880597
Armin19910215,1,11.0,2.0,3.0,1.0
ArminNavabi,1,217.0,49.0,120.0,9.0
Arrested_voice,96,348.4791666666667,30.052083333333332,62.270833333333336,1.3854166666666667
Arsalan_shizi,1,2.0,1.0,0.0,0.0
Arsha45914097,2,1860.0,343.5,97.0,20.5
Artemizshahdokh,25,2.32,0.12,0.32,0.0
ArteshAriamehr,557,234.91741472172353,7.712746858168761,55.03411131059246,1.4793536804308798
Aryammehr_2,409,1623.3056234718827,60.48655256723716,290.63814180929097,6.67237163814181
Aryan_phoenix,2,2.5,0.0,0.0,0.0
Asadi222Mehrdad,22,307.0,7.681818181818182,75.5,2.3636363636363638
AsbeAtash45,473,175.2029598308668,5.112050739957716,49.883720930232556,1.0486257928118394
AsgharSepehri,6,3819.6666666666665,179.66666666666666,1060.1666666666667,46.333333333333336
Astrophil_Mars,305,21.029508196721313,2.3377049180327867,4.79344262295082,0.11475409836065574
Ava_e_rahaee,2,1.0,0.0,0.0,0.0
Awat_Baggio,10,921.7,37.3,215.3,7.7
AzadChakavak,175,124.06857142857143,3.697142857142857,22.154285714285713,0.8457142857142858
AzadehKhorasan,136,351.2352941176471,9.786764705882353,79.94852941176471,2.4558823529411766
Azadlavasani,5,1489.0,18.4,105.4,2.4
Azihastam1,20,325.05,8.4,43.35,1.3
BB_Goal,28,2.107142857142857,0.07142857142857142,0.17857142857142858,0.10714285714285714
BELOVEDIRAAAAN,2,182.5,2.0,22.0,1.0
BParnian1,34,16.029411764705884,0.8823529411764706,4.411764705882353,0.35294117647058826
BabakShekarabi,31,969.4193548387096,52.32258064516129,250.3548387096774,10.451612903225806
Bachejirjirak,98,0.5612244897959183,0.030612244897959183,0.01020408163265306,0.01020408163265306
Bahar00452227,1,2.0,1.0,0.0,0.0
Bahar__Bahari,55,564.9818181818182,23.89090909090909,107.67272727272727,3.6
Bahar_e_Azadi,1,547.0,7.0,125.0,3.0
Baharak_Irani,5,214.2,3.8,32.6,0.8
Bahram2541,9,2.7777777777777777,0.0,0.4444444444444444,0.0
BamdadPirouzi,478,121.19456066945607,5.140167364016737,42.21129707112971,0.7196652719665272
Banuirani84,72,209.38888888888889,7.125,45.625,0.875
Banuyetehrani,3,0.6666666666666666,0.0,0.3333333333333333,0.0
Baran27922,60,76.15,5.433333333333334,17.866666666666667,1.2333333333333334
Baranaryaee2,103,76.64077669902913,7.0,19.737864077669904,0.8058252427184466
Baraye_Azadi_,105,94.51428571428572,5.761904761904762,13.780952380952382,0.5428571428571428
BardiaGarshasbi,21,150.33333333333334,2.0,23.238095238095237,0.47619047619047616
BardyaBorna,1,1.0,1.0,0.0,0.0
BarfiiIran,98,736.969387755102,37.45918367346939,123.08163265306122,2.479591836734694
BeeVan88,368,18.369565217391305,0.6766304347826086,5.8396739130434785,0.14130434782608695
BehrouzBoochani,1,3127.0,1078.0,609.0,103.0
Behrouzjt,4,47.0,5.25,5.0,1.0
BehzadZara,37,269.72972972972974,23.783783783783782,64.13513513513513,2.3513513513513513
Behzadhamrahi,5,222.4,5.8,49.8,1.0
BeniSabti,3,1291.3333333333333,105.0,200.66666666666666,8.666666666666666
Benyami1980,2,0.0,0.0,0.0,0.0
Benyamin_SADR,1,108.0,1.0,9.0,1.0
Bermooda1380739,139,71.2589928057554,2.5899280575539567,15.158273381294965,0.2517985611510791
Birdofpeacelove,17,21.11764705882353,0.6470588235294118,4.588235294117647,0.29411764705882354
Bob00033791,3,231.66666666666666,26.666666666666668,78.33333333333333,7.0
BobbyHeravi,6,524.3333333333334,40.333333333333336,154.66666666666666,5.666666666666667
Borhan_Majd,1,2926.0,310.0,313.0,76.0
BugsBuny90,50,828.12,27.14,145.72,5.18
Calling_Parisa,166,259.9698795180723,16.234939759036145,52.66867469879518,1.5421686746987953
Camel6561,72,23.38888888888889,1.0277777777777777,7.236111111111111,0.1527777777777778
CameronBehzadi,123,918.7967479674796,16.260162601626018,149.52845528455285,4.2439024390243905
CaramelCakeeee,3,214.33333333333334,86.33333333333333,58.0,4.0
CemalK25777Cema,494,25.79757085020243,2.1761133603238867,5.338056680161944,0.1680161943319838
Chahdortt,8,316.5,13.0,61.625,1.875
Charchism,1,9.0,0.0,0.0,0.0
CheNahaara,211,317.3127962085308,18.981042654028435,73.89573459715639,2.184834123222749
Cheguevara_Amir,1,53.0,1.0,0.0,1.0
Chetoriarzeshi,7,300.42857142857144,5.714285714285714,39.857142857142854,0.5714285714285714
Chobin_pahlavi,8,32.125,5.375,4.75,0.125
Cilia1919,89,272.1573033707865,15.0561797752809,61.31460674157304,1.696629213483146
CinemaRex,9,348.8888888888889,13.333333333333334,105.88888888888889,5.777777777777778
Cowboy_datoboy,1,1561.0,29.0,60.0,1.0
CyrusGreatSon,4,496.0,26.5,85.75,6.0
D0wn_Under,1,874.0,16.0,145.0,4.0
DDSBobby,16,200.0625,4.5,28.8125,1.625
DJHastamMoHo,63,217.82539682539684,20.61904761904762,67.47619047619048,1.8571428571428572
DPezeshkian1403,1,1450.0,685.0,367.0,61.0
Dadylongleggpv,34,313.7647058823529,6.705882352941177,45.1764705882353,1.2941176470588236
DamDami,1,63.0,4.0,2.0,1.0
DanaMehraban,21,132.66666666666666,14.238095238095237,46.285714285714285,1.9523809523809523
DarGoldan2,18,66.38888888888889,3.4444444444444446,16.27777777777778,1.0555555555555556
DarkSheepRise,1,931.0,26.0,114.0,21.0
DavariAbdolreza,1,423.0,82.0,27.0,6.0
DawnAndTheX,1,899.0,130.0,148.0,7.0
DeTahmineh,3,11.333333333333334,15.666666666666666,1.3333333333333333,5.333333333333333
Delban_Sa,6,408.3333333333333,14.0,45.666666666666664,2.3333333333333335
DidarHesam,1,235.0,51.0,4.0,4.0
Diiyako_ir,41,701.6829268292682,24.21951219512195,85.73170731707317,1.7317073170731707
Dokhi_sag,3,1645.0,153.66666666666666,105.33333333333333,18.666666666666668
DrShehabP,34,284.3529411764706,15.205882352941176,68.38235294117646,2.2941176470588234
EELKHAN1,1,424.0,27.0,42.0,0.0
E_Aria_N,2,1637.5,20.5,275.5,5.0
EbneHava,1,54.0,0.0,2.0,1.0
Ebne_noah,38,1156.7894736842106,33.21052631578947,251.42105263157896,6.026315789473684
EboshiJasmine,8,12.0,0.375,3.5,0.25
EghbaliBabak,4,23.0,0.5,7.25,0.25
Ehsanism,1,211.0,29.0,35.0,4.0
ElhamOmidvari,4,1287.5,280.75,149.0,24.25
Emen43054466,40,49.25,9.1,11.775,0.5
EpochTimesPer,1,745.0,18.0,152.0,3.0
Ervin_dearcelo2,3,595.3333333333334,6.0,41.666666666666664,2.0
F7_Arash,2,237.5,16.5,20.0,2.5
FAZEL_TWT,1,336.0,11.0,37.0,0.0
FAli1969,21,243.71428571428572,15.666666666666666,73.66666666666667,3.9523809523809526
FXMNDLSN,3,290.6666666666667,21.666666666666668,7.0,1.0
F_Mohajerani,2,486.5,507.5,24.5,76.5
Fahimehkhezr,1,1140.0,399.0,129.0,80.0
Fakhravar,2,285.5,50.5,67.5,3.5
FanpageYaspah,27,1452.3703703703704,47.25925925925926,315.0740740740741,7.555555555555555
Far_yaddd,20,80.25,3.1,19.3,0.75
FaranakAzad1,808,90.64480198019803,3.3353960396039604,28.662128712871286,0.9839108910891089
FarashgardFdn,3,165.0,3.6666666666666665,47.333333333333336,2.0
FarbodArian,25,2.24,0.08,0.28,0.04
Farbodahmadi880,1,4372.0,61.0,515.0,21.0
FardadFarahzad,1,1855.0,527.0,107.0,67.0
Fareydunfarrokh,2,81.0,6.5,19.0,0.0
FarhadiIvar,1,1798.0,70.0,477.0,21.0
Fariba60867811,4,173.5,3.5,37.25,0.0
FarsNews_Agency,1,2657.0,2328.0,266.0,823.0
FarzanehAghaei,12,187.0,7.75,38.583333333333336,1.8333333333333333
FattahiFarzad,1,2240.0,266.0,257.0,45.0
FereydounJRL,3,475.6666666666667,19.0,92.0,3.6666666666666665
FeryTiamo,10,289.6,18.6,31.8,2.0
Ffarhad7412,144,151.9375,11.006944444444445,45.833333333333336,1.0555555555555556
ForadiMohammad,1123,423.10507569011577,27.626892252894034,100.56544968833482,2.827248441674087
Forouzandy,4,450.0,6.25,64.5,1.5
Freedom_of_IR,204,81.70098039215686,2.357843137254902,26.470588235294116,0.7303921568627451
Ftmh_zhra_jnde,12,171.75,15.333333333333334,53.25,3.0833333333333335
GIV2021,13,27.153846153846153,0.38461538461538464,4.384615384615385,0.15384615384615385
GadflyPersia,3,1080.0,186.66666666666666,321.6666666666667,35.0
Gard_e_Javidan,90,98.75555555555556,6.444444444444445,20.31111111111111,1.1111111111111112
GenJahanbani,3,392.6666666666667,13.333333333333334,96.66666666666667,3.0
GhassemiAbi,77,48.311688311688314,2.1948051948051948,12.35064935064935,0.3116883116883117
GhorbaniiNiyak,10,2063.5,94.4,518.4,13.8
GhoreishiR,4,954.75,0.0,54.25,2.0
Giti544,110,6.545454545454546,0.3181818181818182,1.5636363636363637,0.05454545454545454
Gmod_irian,2,1826.5,133.0,411.5,14.0
Goftaniha,1,415.0,7.0,140.0,5.0
GolestanParsa,11,301.0,10.818181818181818,36.81818181818182,1.0
GreatIran2023,83,234.55421686746988,17.180722891566266,45.40963855421687,1.3734939759036144
GreyWol08482159,4,0.75,0.25,0.5,0.0
HAXTAX0,1,28.0,5.0,3.0,0.0
HHeLLFireeeeee,13,368.38461538461536,10.538461538461538,38.53846153846154,1.4615384615384615
HSheibanyrad,7,251.0,48.42857142857143,31.142857142857142,6.857142857142857
H_2Arya,12,46.5,2.25,10.25,0.5
Haghgooie,1,3304.0,38.0,256.0,6.0
Haleh_Panzer,47,20.04255319148936,0.723404255319149,7.361702127659575,0.1276595744680851
HananyaPersian,12,2920.3333333333335,816.0833333333334,409.0,34.666666666666664
HastiGh4,156,235.48076923076923,10.967948717948717,62.62179487179487,1.7179487179487178
HatIsRed,3,40.666666666666664,3.0,3.0,0.0
Havin_N5,1,5479.0,303.0,42.0,27.0
HeKasrehCrisis,1,1151.0,66.0,182.0,23.0
HegeI_javan,171,464.14619883040933,15.64327485380117,113.2046783625731,2.9298245614035086
HichkasOfficial,1,5016.0,804.0,419.0,81.0
Hila1363,22,336.59090909090907,7.181818181818182,59.31818181818182,1.0454545454545454
HirAn_irani,131,216.206106870229,20.671755725190838,58.38167938931298,2.435114503816794
HistoryInPik,2,19.0,0.0,1.5,1.0
History_Wall,15,504.0,38.666666666666664,47.86666666666667,1.8
HiwaTubeAI,3439,179.92439662692644,9.200058156440825,36.74033149171271,0.9470776388485025
HiwaTubeAI2,101,353.7524752475247,15.118811881188119,71.36633663366337,1.316831683168317
Homan_You,27,374.5925925925926,7.037037037037037,59.888888888888886,1.9259259259259258
Hoorieh81,329,204.67477203647417,6.674772036474164,38.72036474164134,0.9696048632218845
Hosein40122106,7,4.0,0.0,0.5714285714285714,0.0
Hosein_Golzar75,1,196.0,19.0,7.0,1.0
HosseinAshtarii,2,1089.0,56.0,261.0,8.0
HosseinGhatib,1,86.0,7.0,16.0,1.0
Hossein_68_38,19,78.3157894736842,13.052631578947368,28.894736842105264,1.0
HosseiniRouzbeh,30,407.23333333333335,7.1,65.56666666666666,1.2666666666666666
Hosseinla1,44,73.77272727272727,9.409090909090908,19.90909090909091,0.75
House_MD11,2,9.0,0.0,1.0,0.0
Hqkaya,2,686.5,57.0,39.5,3.5
IMbeatreas,180,753.4888888888889,25.13888888888889,111.44444444444444,2.6333333333333333
IQazaal,1,0.0,0.0,0.0,0.0
IRAANBAAN,393,168.9592875318066,6.888040712468193,46.98727735368957,1.9567430025445292
IRANIAZAD140,20,134.25,3.8,15.45,0.3
IRAN_javid863,119,169.2941176470588,5.630252100840337,44.99159663865546,1.6218487394957983
IR_Kermanshah,2,50.5,4.5,27.5,3.5
IamZeus6,2,314.5,12.0,54.5,2.0
ImErmia,1,62.0,74.0,0.0,2.0
ImNotMarsh,1,78.0,9.0,0.0,3.0
Im_zhozefin,4,2.0,0.25,0.0,0.0
ImamToosi,2,18.5,0.0,2.0,1.0
IrBozorg,4,186.5,4.0,45.5,3.5
IrTimes,1,146.0,109.0,11.0,29.0
IranImmortals,7,1224.4285714285713,56.857142857142854,190.42857142857142,12.428571428571429
IranIntl,12,1135.75,413.75,175.08333333333334,90.66666666666667
IranLionness,1,3134.0,73.0,265.0,14.0
IranNewsAgency0,171,1160.9181286549708,34.900584795321635,162.73099415204678,5.052631578947368
IranNovinParty,4,495.0,20.75,79.25,8.75
IranPlateau1,128,181.859375,12.5078125,54.0078125,2.2578125
Iran_Farda1,13,18.76923076923077,0.7692307692307693,5.538461538461538,0.3076923076923077
Iran_Mehr_2016,1,0.0,0.0,0.0,0.0
Iranaryan2579,85,184.83529411764707,4.094117647058823,37.6,0.7529411764705882
Iraneshghal,14,1.4285714285714286,0.0,0.35714285714285715,0.0
Iranetanha,7,0.0,0.0,0.0,0.0
IraniMamoka,39,325.0,15.23076923076923,59.17948717948718,1.6923076923076923
IranianArts,1,2284.0,19.0,73.0,12.0
IranianPlateau,4,7675.0,107.0,245.25,64.25
IranianWoman,1,948.0,53.0,397.0,33.0
Iranistics_UT,2,129.0,2.5,15.5,2.5
IsraelPersian,3,7557.333333333333,910.0,1070.0,49.0
ItsKouroshKabir,5,22.8,1.0,8.2,0.0
Ivar_lathbrug2,2401,832.6992919616827,24.822573927530197,216.81091211995002,6.442732194918784
J1nne,1,1063.0,453.0,97.0,24.0
JBehieh,17,60.35294117647059,1.8823529411764706,10.647058823529411,0.8823529411764706
JC_Constantine1,15,185.86666666666667,4.2,42.333333333333336,0.8666666666666667
JM_pensylvani,1,126.0,4.0,12.0,0.0
JahangirTaban,6,299.8333333333333,6.5,58.166666666666664,1.3333333333333333
JamesDeanUFO,416,887.0649038461538,45.66826923076923,212.89182692307693,5.8389423076923075
JananKhorram,67,450.9850746268657,18.47761194029851,79.19402985074628,2.582089552238806
JaneVatan,1,632.0,235.0,90.0,8.0
JashniMitra,35,597.5428571428571,29.8,114.82857142857142,4.571428571428571
JavidShah0000,782,35.6150895140665,1.4028132992327367,6.471867007672635,0.11125319693094629
JavidShahansha,52,359.2692307692308,17.03846153846154,115.90384615384616,3.8846153846153846
JavidanIranema,2,4.0,0.0,0.0,0.0
Jo5x8HaTcF3o5Px,210,180.38095238095238,9.157142857142857,51.628571428571426,1.7190476190476192
JoOldooz,10,254.1,38.8,31.5,3.0
KFravahar,64,748.203125,40.390625,167.0625,6.609375
KalavaniSamad,61,276.2295081967213,8.754098360655737,60.09836065573771,1.3934426229508197
Kamangir_133,6,113.83333333333333,6.833333333333333,26.333333333333332,0.6666666666666666
KambizGhafouri,1,2780.0,783.0,501.0,123.0
Kamran99575602,114,34.85964912280702,4.543859649122807,9.385964912280702,0.43859649122807015
KamranMatin,1,372.0,7.0,59.0,4.0
KarimSnowman,1,129.0,29.0,25.0,1.0
KasraAarabi,2,699.0,226.5,131.0,33.5
KathyMobarez,1025,12.338536585365853,0.35121951219512193,2.4078048780487804,0.03902439024390244
Katierebel2nd,80,169.875,4.075,49.325,0.8625
KayhanLondon,25,1449.4,79.28,293.96,10.76
KhatibiOfficial,1,2154.0,10.0,32.0,1.0
Khosrowalikord2,1,4063.0,50.0,1218.0,45.0
KiMo10626877,975,345.6276923076923,14.787692307692307,103.27076923076923,2.292307692307692
KingBacker1,15,304.8,15.4,73.93333333333334,2.8666666666666667
KingMaziyar,42,14.261904761904763,0.6428571428571429,2.642857142857143,0.023809523809523808
Klaus70268175,17,202.47058823529412,5.823529411764706,49.88235294117647,1.0
KnightAnahita19,128,181.390625,11.1328125,45.796875,0.734375
Kolmar_kolmar,19,184.47368421052633,6.947368421052632,59.0,1.6842105263157894
Koroshariae2021,1,55.0,3.0,8.0,0.0
Kourosh634,67,2.029850746268657,0.14925373134328357,0.26865671641791045,0.0
L0mpan,209,158.7224880382775,3.6220095693779903,20.282296650717704,0.37320574162679426
LadiKhanom,1,879.0,190.0,102.0,38.0
LadyJusticeIran,10,420.5,9.5,76.0,2.3
LakLak_Muzik,1,1093.0,29.0,288.0,11.0
LawdanBazargan,1,156.0,122.0,35.0,25.0
Leila_Arya2,882,442.9988662131519,8.52154195011338,91.54421768707483,2.1723356009070294
LiberalArtist00,2,343.0,22.5,7.0,0.5
Liberti2022,1,4.0,0.0,0.0,0.0
LibertyIranian,5,220.4,18.6,51.4,8.2
LightofRev,1,450.0,30.0,281.0,11.0
Lilium52709755,1,1.0,0.0,0.0,0.0
Lily92874373,112,1.5178571428571428,0.16071428571428573,0.1875,0.0
LisaDaftari,3,2601.3333333333335,214.33333333333334,947.6666666666666,26.333333333333332
LoabatK,2,584.5,3.0,102.0,4.0
LocallAndia,261,241.5823754789272,6.812260536398467,51.90421455938697,1.003831417624521
M0rtezaaaa,49,428.6938775510204,8.408163265306122,49.224489795918366,3.020408163265306
MChok7,102,267.61764705882354,18.029411764705884,64.32352941176471,2.6862745098039214
MFshfshh71601,38,16.026315789473685,1.3157894736842106,3.6315789473684212,0.07894736842105263
MOperaPhantom,1,167.0,4.0,30.0,3.0
MRYAZDAN,9,801.4444444444445,11.88888888888889,137.11111111111111,2.4444444444444446
MRasayeshh,1,2.0,0.0,0.0,0.0
MadariSarzamin,5,252.2,7.4,93.2,2.6
MahdaviLeily,1,3842.0,53.0,796.0,9.0
Mahizadyaar,32,272.0625,20.625,67.71875,5.59375
Mahmoud55791825,14,2.642857142857143,0.0,0.6428571428571429,0.0
MahmoudZibaie,3,1467.6666666666667,40.666666666666664,289.3333333333333,5.666666666666667
MahnazShirali,2,1798.5,213.0,121.5,20.0
Mahnush_A,66,83.68181818181819,4.318181818181818,14.287878787878787,0.25757575757575757
Maj_mohammadi,1,223.0,5.0,13.0,3.0
MajidH44995071,26,4.884615384615385,0.3076923076923077,0.8461538461538461,0.07692307692307693
MajidTavakolii,1,2245.0,294.0,336.0,66.0
Majidirani99,46,34.15217391304348,10.152173913043478,6.173913043478261,0.5
Malin54449388,170,209.31764705882352,5.776470588235294,57.21176470588235,1.6176470588235294
Malusakam,382,210.95811518324606,9.507853403141361,40.510471204188484,1.1020942408376964
ManotoNews,51,1187.5098039215686,85.6470588235294,243.05882352941177,21.901960784313726
Mard62881776,30,108.63333333333334,11.6,38.93333333333333,3.7
MardomakOnline,10,5.0,1.2,1.3,0.0
Marie36822764,228,45.31140350877193,3.0219298245614037,3.3464912280701755,0.10526315789473684
MaryamDior,1,2996.0,61.0,397.0,6.0
MaryamSarabii,1,26.0,10.0,1.0,3.0
Maryam_Rajavi,2,964.5,143.0,958.5,161.5
Maryam_Rajavi_P,1,806.0,0.0,744.0,92.0
MasIoob,3,7.0,1.3333333333333333,1.0,0.0
Masad75405681,8,194.875,10.75,52.25,1.75
MashinMonee,3,0.3333333333333333,0.3333333333333333,0.0,0.0
MasoodBabapoor,1,31.0,0.0,4.0,2.0
MasoudSlii,1,279.0,6.0,59.0,2.0
Matinkhaledii,48,952.9375,33.270833333333336,129.625,6.291666666666667
MaximReza3,533,245.13508442776737,21.675422138836772,34.92120075046904,1.225140712945591
Mayekhal,58,840.4310344827586,23.17241379310345,104.96551724137932,2.5517241379310347
MayraYazdari,3,431.6666666666667,17.666666666666668,89.0,3.3333333333333335
MazdakBAMDADAN2,3,931.0,38.333333333333336,165.33333333333334,4.666666666666667
MbShahnaz,60,5.083333333333333,0.5333333333333333,1.45,0.05
Me_Hamed_Myself,3,198.33333333333334,4.333333333333333,8.333333333333334,0.0
Me_Unstoppable2,9,514.5555555555555,8.88888888888889,55.333333333333336,3.0
Medinfo_X,4,1639.25,119.25,273.25,11.75
MehdiHajati,5,1314.4,53.0,330.4,12.2
MehdiMMJ,1,144.0,1.0,22.0,0.0
Mehr_mihan,1,164.0,16.0,22.0,1.0
MehranShirazii,87,167.60919540229884,7.655172413793103,27.563218390804597,0.9770114942528736
Mhrdadbarandaz3,96,336.65625,4.875,55.489583333333336,1.6666666666666667
Milad_Aghai1,1,63.0,2.0,19.0,2.0
Miss_Maropelle,7,298.0,21.285714285714285,67.0,2.7142857142857144
Mitra_Jashni,13,746.0769230769231,38.61538461538461,158.0,4.923076923076923
Mmlekate,5,348.0,14.8,95.0,4.6
Mohadeseh1133,1,512.0,404.0,27.0,9.0
MohajranIran,16,144.375,2.0,34.125,0.5625
Mohamad43059166,5,3.2,0.4,1.0,0.0
MohammadLak79,2,212.5,3.5,6.5,0.0
MohammadSaam_M,1,0.0,3.0,0.0,1.0
MohammadSigari,1,9.0,0.0,0.0,0.0
Mojtabapacino,2,4252.5,45.0,636.0,11.5
Monarchy34,22,6.363636363636363,0.9545454545454546,1.0454545454545454,0.18181818181818182
MonarchyLondon,130,242.23076923076923,13.223076923076922,73.16923076923077,2.5384615384615383
Mooniter,1,228.0,6.0,48.0,2.0
Moradian_ir,1,254.0,8.0,10.0,2.0
Moriyarty1,48,236.77083333333334,8.25,32.6875,1.1666666666666667
Mosolchi,121,2438.8925619834713,85.43801652892562,264.64462809917353,6.033057851239669
Mr20228,14,15.214285714285714,0.7857142857142857,3.2857142857142856,0.14285714285714285
MrHiccup42,322,442.88198757763973,25.87888198757764,83.27950310559007,2.4347826086956523
MuradyDiako,3,423.3333333333333,119.33333333333333,55.333333333333336,6.666666666666667
NFreeIran2022,52,150.15384615384616,8.076923076923077,56.61538461538461,3.6153846153846154
NR2OH,2,5120.0,172.5,241.0,33.5
NUFDIran,4,542.0,34.75,173.0,12.0
NaaserXA,5,111.0,5.4,3.2,0.0
NaderSoltanpour,1,1208.0,560.0,131.0,22.0
NaeimShahi_Nima,293,349.85665529010237,31.22184300341297,82.27986348122867,3.262798634812287
NaeimehDoustdar,1,336.0,4.0,63.0,115.0
NaghmeL,162,21.203703703703702,1.2222222222222223,3.6481481481481484,0.15432098765432098
NahidGhani,16,534.6875,16.625,90.0,5.125
Najibnaik,1,529.0,252.0,71.0,21.0
NapelOn_daii,103,126.64077669902913,8.553398058252426,34.45631067961165,0.7864077669902912
Nargolsafa,41,237.34146341463415,16.414634146341463,60.26829268292683,1.5853658536585367
NasehMohi,1,13.0,0.0,0.0,1.0
Nasim_zephyr,92,439.0652173913044,11.456521739130435,96.78260869565217,2.8043478260869565
Nasrinrose1,2,76.0,12.0,13.5,1.0
Nastaran9638495,497,384.5271629778672,26.466800804828974,98.95774647887323,3.488933601609658
Nationalist101,20,624.35,85.2,155.05,8.2
Neda73Neda,241,85.95020746887967,2.2780082987551866,21.551867219917014,0.5601659751037344
Nemiphos,1,38.0,7.0,1.0,1.0
Nemo_Regnum,27,422.18518518518516,32.7037037037037,119.4074074074074,2.8518518518518516
Nezha_9515,5,56.0,4.8,20.6,0.2
Nickkhoo_arash,1,3023.0,118.0,293.0,10.0
NikiPatriot,109,138.348623853211,6.302752293577981,48.04587155963303,2.0275229357798166
NilaBehzadi,4,109.5,3.0,14.5,0.0
Nilgonbanoo,4,1.0,0.0,0.0,0.0
Nokhod_f,1,1564.0,53.0,53.0,9.0
NoushaEshghi,118,280.864406779661,18.228813559322035,66.05084745762711,3.0677966101694913
OfficialSimin,2,230.0,9.5,59.0,5.5
Oliver_jzy,24,7.333333333333333,0.2916666666666667,0.9583333333333334,0.041666666666666664
OmidKT62,12,926.1666666666666,119.83333333333333,100.08333333333333,9.583333333333334
Omidam_Hamin,4,3.5,1.0,0.0,0.0
Overthrower_,8,211.125,13.375,43.625,2.0
PDKIfarsi,1,320.0,162.0,85.0,25.0
PIISHGOO,2,213.0,7.0,3.0,1.0
PMOIRAN,2,388.5,68.0,359.5,22.0
Pahlavi3vom,2,12.0,0.5,4.5,0.5
Pahlavi433726,34,0.5294117647058824,0.08823529411764706,0.11764705882352941,0.0
PahlaviKourosh,2310,4.812554112554112,0.37792207792207794,1.3082251082251082,0.0367965367965368
PahlaviReza,30,2982.733333333333,121.63333333333334,897.5666666666667,51.43333333333333
PahlaviahoraeeP,1476,273.2168021680217,15.894308943089431,81.10433604336043,3.4037940379403793
Pahlavist2582,40,59.55,2.775,14.7,1.05
PanteaPeyvandi,173,535.543352601156,8.497109826589595,95.0,2.167630057803468
PanteaRasouli,26,252.15384615384616,11.5,53.19230769230769,1.6538461538461537
ParhamRamin,3,289.6666666666667,317.0,39.0,29.333333333333332
Parinaz_ETSM,3,247.66666666666666,4.0,34.666666666666664,1.0
Parpanchi,1,7099.0,795.0,1532.0,211.0
Parsaghobadi123,4,1035.5,63.5,268.5,13.0
ParthianE,9,347.3333333333333,17.77777777777778,65.66666666666667,4.222222222222222
PartyPikp2582,2,3306.0,257.5,578.5,85.0
Parvin965631051,4,107.0,7.75,32.5,3.0
PeaceHappyJoy,38,425.86842105263156,16.81578947368421,94.21052631578948,4.2631578947368425
Pedar_Bozorgggg,6,300.0,14.666666666666666,35.0,2.0
Pegahan__,49,102.46938775510205,5.1020408163265305,32.89795918367347,0.6530612244897959
Peleja11,24,379.9583333333333,27.333333333333332,57.375,2.0416666666666665
Peroz401939762,171,138.8421052631579,10.660818713450292,48.54385964912281,1.5614035087719298
PersianGW,434,1502.1566820276498,53.566820276497694,208.47926267281105,4.78110599078341
Persian_picture,12,5543.75,54.25,336.8333333333333,7.833333333333333
PhoenixprjIran,3,1416.3333333333333,45.333333333333336,493.6666666666667,19.0
Pirooz25372,69,150.42028985507247,7.753623188405797,18.0,1.855072463768116
PnMd1982,217,156.91705069124424,3.5299539170506913,34.884792626728114,0.8433179723502304
ProSHaHansHaaHi,5,556.0,148.0,98.0,52.8
Pro_Pahlavi,472,1.6292372881355932,0.06991525423728813,0.3072033898305085,0.014830508474576272
ProjectLeonOnX,36,275.72222222222223,17.27777777777778,72.27777777777777,3.361111111111111
PsrAsfhan27734,4,0.5,0.0,0.0,0.0
Qaaaasem,6,116.83333333333333,3.0,27.0,1.5
Queenaurora209,59,149.61016949152543,10.694915254237289,49.932203389830505,2.0508474576271185
R0tterdamer,2,103.5,1.5,9.0,0.0
RADOCLUB,30,1169.5333333333333,41.56666666666667,223.33333333333334,3.2666666666666666
RBehrouzDO,85,474.61176470588236,13.08235294117647,88.97647058823529,2.4235294117647057
REGIME_CHANGE03,19,401.1578947368421,56.31578947368421,60.8421052631579,4.0
REZAKH__,2,105.0,26.5,6.0,2.0
RFI_Fa,1,98.0,900.0,8.0,39.0
RShemroon,8,245.0,14.125,65.625,2.875
RadioFarda_,2,700.0,339.0,51.5,28.5
RadioZamaneh,1,577.0,1017.0,144.0,171.0
Radiomashrooteh,8,360.125,11.0,108.375,6.25
Radman2576,7,247.14285714285714,12.571428571428571,40.285714285714285,2.7142857142857144
RadmanIrani,20,122.2,1.6,21.05,0.5
RadmehrSiavash,1,155.0,0.0,16.0,1.0
RageAndHope,2,2.0,0.5,0.0,0.0
Raha_B_E_1,348,161.51724137931035,5.7155172413793105,46.4080459770115,0.7068965517241379
Rayan9717,7,819.7142857142857,29.142857142857142,181.57142857142858,4.142857142857143
Rchii_joon,1,2.0,2.0,0.0,1.0
RealAliJalali,32,329.21875,23.65625,85.84375,5.96875
RealPersianGod,34,2535.5588235294117,35.94117647058823,337.11764705882354,4.823529411764706
Reddington_LA,38,868.2894736842105,42.23684210526316,141.55263157894737,3.8421052631578947
Revolution_R_,138,303.5289855072464,15.652173913043478,59.21739130434783,2.1159420289855073
RezaAhmadi_Lion,1,105.0,3.0,26.0,1.0
RezaRez11109331,40,120.65,4.025,45.15,1.2
RezaS27,11,138.45454545454547,6.181818181818182,18.272727272727273,1.0909090909090908
RezaS49,56,22.303571428571427,1.0178571428571428,6.375,0.14285714285714285
RezaSensourfree,162,1.6296296296296295,0.037037037037037035,0.25308641975308643,0.006172839506172839
RezaVaisi,1,577.0,301.0,236.0,79.0
Reza__Soleimani,1,81.0,4.0,8.0,1.0
Rezahashemi1919,227,17.026431718061673,1.502202643171806,4.409691629955947,0.16740088105726872
Roobahyab1,3,130.0,47.333333333333336,50.333333333333336,10.666666666666666
RosebudDonKhoan,105,61.695238095238096,4.485714285714286,11.00952380952381,0.5523809523809524
Roshanaeii,12,194.5,5.0,29.166666666666668,1.25
Rppress0,99,110.76767676767676,2.202020202020202,21.04040404040404,0.8080808080808081
RufusBeyn,2,136.5,10.5,32.5,1.0
RustaMasoud,31,1.3225806451612903,0.4838709677419355,0.25806451612903225,0.0
SARBAZEH_VATAN1,7,194.57142857142858,13.285714285714286,21.142857142857142,1.4285714285714286
SFaeze_Alavi,65,818.2461538461539,18.73846153846154,128.0,2.723076923076923
SGhasseminejad,13,3571.230769230769,182.84615384615384,713.0769230769231,26.384615384615383
SHAHIAVID,10,32.4,2.9,13.0,2.7
SHAYA9000,18,701.6666666666666,21.22222222222222,115.44444444444444,2.4444444444444446
SaamGivrad,1,736.0,23.0,59.0,6.0
SabaBakhtyari,10,3461.9,65.4,849.6,15.0
Sadaf__12,1,1.0,0.0,0.0,0.0
Saeed48920740,3,8.333333333333334,1.3333333333333333,0.3333333333333333,0.3333333333333333
Safa_8863,117,56.35042735042735,2.7094017094017095,10.222222222222221,0.15384615384615385
SafaiDarya,1,398.0,26.0,5.0,3.0
SaharKhodayarii,2,293.0,2.5,34.0,0.0
SaiedehSaideh59,153,954.5424836601308,30.19607843137255,168.72549019607843,3.3006535947712417
SalmanSima,10,425.9,18.2,99.1,5.2
SamanArbabi,1,2423.0,799.0,505.0,88.0
SamanthaIrani,389,204.5758354755784,9.030848329048844,44.80719794344473,2.089974293059126
Samar_Iran,7,341.14285714285717,8.714285714285714,50.285714285714285,1.7142857142857142
Sandisodoleh,16,32.5625,1.1875,6.6875,0.0625
Santamorte00,12,49.833333333333336,3.0,3.5833333333333335,0.25
Saraab23734615,134,19.044776119402986,1.3507462686567164,5.052238805970149,0.12686567164179105
SasanAmjadi,1,1099.0,267.0,161.0,13.0
Sashtyani,3,333.0,52.333333333333336,10.0,2.3333333333333335
SavaSavadkoohi,37,692.7837837837837,24.0,173.40540540540542,5.081081081081081
Schahrzad_b,17,653.3529411764706,27.0,105.11764705882354,2.8823529411764706
Scorpionofiran1,2,1.0,0.0,0.0,0.0
SedSia,4,195.5,7.75,58.25,3.0
SepehriHamed,7,1207.7142857142858,74.57142857142857,180.57142857142858,5.857142857142857
Sepideh52191550,757,163.90356671070012,7.998678996036988,56.95112285336856,2.5138705416116247
Sepiderashidi,1,3.0,0.0,0.0,0.0
Serpicoo3,1,683.0,13.0,90.0,6.0
ServinPooryamin,131,246.85496183206106,12.17557251908397,72.0381679389313,3.0839694656488548
ShDelfan,16,53.1875,7.25,8.1875,0.375
ShahbanouFarah,2,7168.5,450.0,1349.5,88.5
Shaheenchevv,1,908.0,148.0,26.0,11.0
Shahin56802127,2,40.0,5.0,12.0,1.0
ShahinMajelan,46,51.17391304347826,3.0434782608695654,12.5,0.2608695652173913
Shahinlooo,2,571.5,55.0,76.5,2.5
ShahramKhalatb1,35,124.57142857142857,5.485714285714286,43.457142857142856,1.9714285714285715
ShahramMakoui48,39,1117.2051282051282,77.7948717948718,158.76923076923077,7.410256410256411
ShaunToub,1,10.0,0.0,0.0,1.0
ShawnaAzad2,8,15.625,6.0,4.375,0.375
ShayanX0,542,720.0,32.59409594095941,175.40036900369003,4.219557195571956
Sheina__,1,0.0,0.0,0.0,0.0
Sheyda_RI,5,129.8,5.6,37.2,0.6
ShiraziShaheen,610,200.01639344262296,11.736065573770492,73.40163934426229,2.678688524590164
Shirzad1968,33,166.03030303030303,10.454545454545455,37.36363636363637,2.0303030303030303
Sho_Ber_5,36,96.13888888888889,3.888888888888889,27.555555555555557,1.0833333333333333
SiamakGhassemi,1,58.0,256.0,2.0,12.0
SiavashIran,5,454.8,51.4,129.6,11.4
Siavashshahy,3,400.6666666666667,41.0,51.333333333333336,2.6666666666666665
Silmaethdante,1,66.0,3.0,2.0,1.0
SinaToossi,1,10.0,40.0,2.0,3.0
Sinnerlondon,6,1254.5,60.333333333333336,168.5,11.166666666666666
Sokoot3333,2,158.5,57.0,7.5,3.0
SoleymaniAzadeh,318,35.795597484276726,3.352201257861635,8.078616352201259,0.3584905660377358
Solo_Commando,35,396.0857142857143,9.228571428571428,67.77142857142857,1.0
Sonofthebeach22,16,405.0625,8.1875,77.8125,0.8125
SooreBoz,10,2.4,0.3,0.2,0.0
Sssccpp,5,3809.4,45.0,580.6,9.6
StupidJalal,2,4.5,0.0,1.5,0.0
SunLight__White,256,322.171875,7.4609375,68.0625,1.84375
SushyanPahlavi,585,250.6888888888889,10.90940170940171,53.10769230769231,1.0307692307692307
TNitrT,12,205.08333333333334,6.25,65.0,2.4166666666666665
TahsinZhaleh,678,205.79646017699116,13.00589970501475,58.92035398230089,2.1268436578171093
Tanha59977799,3,326.3333333333333,30.0,42.666666666666664,3.3333333333333335
Tanha_5566,14,252.57142857142858,9.0,49.57142857142857,1.1428571428571428
Tanhatarin00,22,3.272727272727273,0.18181818181818182,1.2727272727272727,0.22727272727272727
TaraMedric,29,529.8620689655172,22.551724137931036,74.10344827586206,2.310344827586207
Tasnimnews_Fa,2,538.0,264.0,105.5,34.5
Tavaana,1,265.0,4.0,32.0,0.0
Ted_homan1361,1,1325.0,28.0,80.0,186.0
Teeegra,1,722.0,35.0,59.0,13.0
Thank_you_Dj,41,268.1463414634146,5.024390243902439,36.02439024390244,0.4146341463414634
TheBalochWorld,1,187.0,12.0,19.0,5.0
TheNorth_A,2,138.0,1.5,11.0,1.0
The_Doonald,3,245.66666666666666,5.0,41.333333333333336,1.6666666666666667
TinaFay1978,228,203.2017543859649,8.855263157894736,31.06578947368421,0.6666666666666666
TinaGhazimorad,3,1457.3333333333333,135.33333333333334,270.3333333333333,22.0
Tinaaa2048,72,368.40277777777777,25.25,64.97222222222223,2.125
Tinabakhshi,15,919.1333333333333,19.866666666666667,188.13333333333333,3.3333333333333335
Tondar1985,221,180.17194570135746,17.0,62.29864253393665,2.16289592760181
Tondbad3,3,1.0,0.0,0.0,0.0
TonyFreeman2015,10,760.8,12.2,76.7,1.9
ToukaNeyestani,2,29.5,186.0,1.5,46.0
Trdigrade,4,102.5,2.0,32.75,0.5
Ttp0088,8,1739.125,105.125,95.875,16.75
Tymsar2578,1,263.0,4.0,77.0,6.0
UomoMees,53,560.3396226415094,13.471698113207546,90.30188679245283,1.9811320754716981
VOAfarsi,10,370.5,154.1,62.4,34.7
Vahid,1,4324.0,272.0,811.0,155.0
Vatanamk,27,204.77777777777777,4.814814814814815,24.59259259259259,0.8148148148148148
Verethragnan,257,499.15175097276267,19.6147859922179,159.24513618677042,7.178988326848249
VidaSarafraz,401,676.0423940149626,34.80798004987531,153.73815461346632,5.523690773067331
ViemonX,86,83.56976744186046,1.4883720930232558,24.38372093023256,0.5581395348837209
With_pahlavi3,18,253.44444444444446,17.555555555555557,40.333333333333336,1.2222222222222223
X4LIREZ4X,1,11331.0,64.0,1107.0,6.0
XPishik,115,251.98260869565217,10.904347826086957,42.2695652173913,1.208695652173913
YRnESzv9zRLIXuQ,216,168.41666666666666,8.310185185185185,53.291666666666664,1.5324074074074074
YaarGhadimi,43,1830.6744186046512,46.30232558139535,291.6744186046512,11.627906976744185
YaldaRod,1,186.0,4.0,47.0,2.0
YarabAydad,33,16.78787878787879,0.12121212121212122,5.636363636363637,0.09090909090909091
YasiPatriot,423,393.8085106382979,9.787234042553191,83.88652482269504,1.7281323877068557
Yasmin4freedom,1,327.0,8.0,114.0,2.0
YepremKhann,45,65.53333333333333,3.511111111111111,15.8,0.4888888888888889
ZAAL1474,5,19.2,0.6,5.8,0.0
Zagros1402,52,1.3846153846153846,0.21153846153846154,0.11538461538461539,0.0
ZananFirouzehie,10,219.0,3.3,64.1,2.7
ZaneSharghi1358,1,1.0,1.0,0.0,0.0
Zimmermann____,934,123.4389721627409,4.207708779443255,31.937901498929335,0.7965738758029979
_AshkAval_,43,176.48837209302326,8.465116279069768,39.83720930232558,0.9767441860465116
_Hassan_sabbah_,1,12.0,1.0,5.0,1.0
_Jese_Pinkman,2,378.0,28.0,63.0,1.5
__H59__,9,121.77777777777777,9.222222222222221,32.77777777777778,1.2222222222222223
__Injaneb96,3,524.3333333333334,25.333333333333332,122.66666666666667,3.0
____ROHI____,10,191.9,6.8,50.7,1.8
_mendeleev,2,625.0,30.5,15.5,4.5
_tinafrn_,1,1275.0,301.0,14.0,21.0
aalchaa,5,160.8,4.0,32.4,0.6
ab_ganji,1,749.0,648.0,78.0,34.0
abdolah_abdi,3,553.3333333333334,16.0,42.0,3.6666666666666665
abdorezaahmadi,1,241.0,5.0,52.0,2.0
abelbalb,1,4.0,1.0,0.0,0.0
abornaei,2,40.5,4.5,3.5,1.0
adam_hesabi,550,865.4381818181819,30.54909090909091,162.07454545454544,3.078181818181818
adam_hesabi1,8,652.25,23.125,111.75,1.375
afshari_aku,4,419.75,441.0,41.0,68.25
agha_rashti2,57,1018.2982456140351,28.859649122807017,152.08771929824562,3.3684210526315788
agha_xavier2,29,160.27586206896552,13.0,43.93103448275862,1.6206896551724137
aghachurchill,14,154.71428571428572,3.7142857142857144,36.357142857142854,1.1428571428571428
aghayehesam,1,9153.0,50.0,222.0,6.0
ahampay,18,595.9444444444445,18.833333333333332,100.77777777777777,2.611111111111111
ahmad_313m,1,30.0,31.0,3.0,2.0
akhtar1989,7,511.2857142857143,55.857142857142854,88.57142857142857,3.2857142857142856
akserouz,2,181.5,23.0,46.0,10.5
alale26361947,1,0.0,0.0,0.0,0.0
alasht_Iran,74,539.8378378378378,13.067567567567568,95.41891891891892,4.256756756756757
ali_bitarafan5,1,1629.0,134.0,338.0,10.0
aliemamiofnyc,27,665.8888888888889,16.37037037037037,75.51851851851852,1.7407407407407407
alinaghi2018,16,531.125,7.0625,77.25,1.75
alirezakiani2,13,898.2307692307693,64.76923076923077,158.84615384615384,13.538461538461538
alirzadabir,1,2454.0,63.0,234.0,38.0
amiirhosseiinam,1,1503.0,224.0,133.0,12.0
amin1917,8,72.5,6.0,23.625,1.5
aminkhss,1,635.0,37.0,1.0,6.0
amir41355273,60,386.8,35.333333333333336,105.33333333333333,6.65
amiretemadi,2,410.5,14.5,38.5,2.5
amirmoghadam_ir,1,644.0,7.0,82.0,4.0
amoopoya,42,256.54761904761904,23.333333333333332,50.11904761904762,1.619047619047619
antipantork1,2,2545.0,52.5,134.0,10.5
aokurucz,284,346.99295774647885,9.619718309859154,58.693661971830984,1.2077464788732395
arash135713,1,0.0,0.0,0.0,0.0
arash_tehran,5,172.4,137.2,5.2,7.6
ardeshir1387,34,15.852941176470589,0.6470588235294118,2.588235294117647,0.029411764705882353
ardeshiramiri,2,401.0,492.5,58.0,32.0
arezoubehrang_,375,591.1253333333333,17.989333333333335,149.84266666666667,2.68
ariafarpoori,190,550.978947368421,15.373684210526315,119.78421052631579,2.3526315789473684
ariamehr104,16,14.375,1.0,3.625,0.1875
ariyaii_rahjoo,11,5.7272727272727275,0.09090909090909091,0.9090909090909091,0.09090909090909091
arsh9933,147,137.56462585034015,2.6054421768707483,24.1156462585034,0.7142857142857143
arteemis60,8,1.125,1.0,0.0,0.0
artesh_shah,139,184.0359712230216,13.676258992805755,33.75539568345324,1.2589928057553956
arthorfmorgan,1,125.0,147.0,23.0,1.0
aryaieeasil,44,485.34090909090907,31.545454545454547,64.47727272727273,4.159090909090909
asoupar,1,227.0,21.0,23.0,1.0
atheistChild789,5,682.6,5.6,71.6,0.8
atheistcyrus,78,317.85897435897436,10.08974358974359,51.85897435897436,1.294871794871795
avantgardearses,24,11.833333333333334,0.7083333333333334,2.5416666666666665,0.041666666666666664
ayazi_kamran,18,476.27777777777777,12.055555555555555,74.72222222222223,1.3333333333333333
azadsocial_,1,163.0,96.0,15.0,26.0
azarbayjanX,1,1466.0,31.0,113.0,3.0
azarthepersian,10,402.3,8.7,58.3,1.4
b2Kaveh,22,88.45454545454545,2.6818181818181817,35.0,0.6363636363636364
ba262626,5,96.4,14.4,39.4,0.6
baaarzaaakh,19,252.0,7.631578947368421,16.63157894736842,0.5263157894736842
baharr_ali,1,25.0,0.0,2.0,0.0
balochestan1422,2,2614.0,32.5,381.0,10.5
baran_mehr36,7,10.857142857142858,0.14285714285714285,2.857142857142857,0.0
barayeiran9,93,1176.3978494623657,41.41935483870968,178.06451612903226,3.4623655913978495
bardi1980,19,127.94736842105263,16.31578947368421,23.68421052631579,0.7368421052631579
bashirtash,1,639.0,39.0,113.0,5.0
beni_ta1,15,321.93333333333334,7.8,46.733333333333334,1.2666666666666666
benyamin_aras,1,2.0,0.0,0.0,0.0
bernoam,2,1.0,1.0,0.0,0.0
bidari60,27,52.666666666666664,2.3333333333333335,11.481481481481481,0.4074074074074074
boss_big666,10,205.7,5.1,20.0,2.1
brgsht8970,9,136.44444444444446,15.555555555555555,32.888888888888886,2.0
c5GbNjtYsfYcHMr,2,40.5,0.5,16.0,1.0
cafeandisheh,3,4.666666666666667,0.0,2.0,0.0
california123AA,119,199.78991596638656,9.159663865546218,37.48739495798319,0.9495798319327731
callmeraha13,1,1402.0,43.0,248.0,35.0
chamli69,3,2.3333333333333335,0.0,0.3333333333333333,0.0
charlychaplin25,62,0.7258064516129032,0.08064516129032258,0.03225806451612903,0.0
chawshin_83,2,2331.0,56.5,218.5,4.5
chehre3521,10,351.6,8.2,46.0,2.3
cicikhanoom,1,1600.0,7.0,108.0,2.0
corrrdeliiiaaa,2,1.0,0.0,0.0,0.0
cpiparty,2,38.5,7.5,11.0,4.5
crissss_sh,1,125.0,9.0,1.0,0.0
cryptosamz,2,240.5,44.0,10.0,3.5
dadkhahim,2,0.0,0.0,0.0,0.0
dariush1399,11,8.909090909090908,0.5454545454545454,1.8181818181818181,0.0
dariush2023,49,0.6938775510204082,0.04081632653061224,0.42857142857142855,0.12244897959183673
dariush25371,1,0.0,0.0,0.0,0.0
dariush_omran,1,189.0,7.0,1.0,1.0
darushirani13,60,142.6,5.6,35.13333333333333,0.8
darwinsabouri,1,696.0,19.0,102.0,5.0
daystar98173834,145,146.49655172413793,4.910344827586207,52.703448275862065,1.2482758620689656
derafshkavianee,3,239.0,20.0,108.66666666666667,6.333333333333333
dkhos,1,267.0,140.0,22.0,6.0
drfalahatpishe,1,2986.0,305.0,152.0,36.0
drkopii,51,106.31372549019608,4.078431372549019,33.0,0.7450980392156863
drpezeshkian2,1,1867.0,1040.0,93.0,168.0
ebrahimi_mazyar,100,759.62,24.62,133.4,2.55
eisa_1355,1,48.0,1.0,1.0,1.0
eliiranabad,17,2.235294117647059,0.11764705882352941,0.058823529411764705,0.0
enferadi_shode,509,245.16699410609039,16.862475442043223,65.3614931237721,1.4518664047151277
esmaeilion,1,6210.0,955.0,1538.0,199.0
esmailpour_m,2,1971.0,90.0,243.0,4.5
estemnayi1,1,1450.0,12.0,114.0,2.0
etelaf10,144,211.86111111111111,2.375,43.5625,0.7569444444444444
fairghh,37,84.02702702702703,4.864864864864865,19.027027027027028,0.43243243243243246
faraaaz21_,1,2.0,1.0,2.0,0.0
farashgardii02,86,66.97674418604652,3.7674418604651163,13.081395348837209,0.3488372093023256
fardad200,73,48.78082191780822,8.41095890410959,9.054794520547945,0.5068493150684932
faribadavodi,7,963.1428571428571,40.142857142857146,113.28571428571429,3.7142857142857144
farshadeashour,5,1113.6,33.4,172.6,3.4
farshidbabaei18,19,1947.7368421052631,50.68421052631579,268.36842105263156,5.894736842105263
farvahar2023,42,195.57142857142858,9.595238095238095,38.857142857142854,0.7857142857142857
fatemeh_sadat91,1,321.0,33.0,29.0,0.0
fcpii_official,4,196.25,8.25,35.5,1.0
fereidonfz,5,1.8,0.0,0.0,0.0
fereshtehgilaki,157,193.45859872611464,12.0828025477707,34.92993630573248,1.375796178343949
firstzorba1,16,248.375,16.0,39.8125,3.25
flexcr7,2,2.0,0.0,0.0,0.0
foadshams,1,7.0,0.0,0.0,0.0
foster_spar,1,1.0,12.0,0.0,1.0
frank_1929,12,793.4166666666666,10.0,119.66666666666667,1.9166666666666667
frarandeh,12,0.4166666666666667,0.0,0.0,0.0
freeman010,690,357.6565217391304,11.728985507246376,89.64057971014493,2.363768115942029
fuxy_twite,256,99.92578125,8.6875,34.89453125,1.2421875
fuzakeruna16,4,160.0,2.25,23.25,0.5
georg_patriot,18,298.27777777777777,49.388888888888886,70.22222222222223,5.166666666666667
ggehhry2,77,312.14285714285717,8.194805194805195,61.83116883116883,2.2987012987012987
gh0lch0magh,1,1417.0,11.0,192.0,1.0
gohareshghi,1,2572.0,26.0,271.0,5.0
golberg2582,57,234.28070175438597,12.87719298245614,74.87719298245614,2.456140350877193
golnarjahanbani,1,538.0,9.0,117.0,2.0
golrokhiraee,1,944.0,469.0,329.0,42.0
goodbadatusa,294,715.7687074829932,33.56122448979592,234.69387755102042,8.615646258503402
gorbehsiah,2,0.5,0.0,0.0,0.0
green_Amir,11,318.90909090909093,36.27272727272727,51.09090909090909,1.9090909090909092
hadimehrane1,2,2930.0,170.5,99.0,12.0
hadinik,1,432.0,14.0,5.0,1.0
hadint83,1,5.0,5.0,5.0,1.0
hajmaameed,2,2.0,1.0,0.0,0.0
hamalilalin,2,628.0,84.5,121.5,14.5
hambastegi,5,16.8,1.2,6.4,0.4
hamidsanati6661,25,576.04,54.48,119.08,6.84
haniiiissss1387,30,239.73333333333332,19.633333333333333,47.36666666666667,1.8666666666666667
hardseltzerr,2,567.0,35.0,56.0,2.0
hasanakevazir1,11,4.0,0.45454545454545453,0.09090909090909091,0.09090909090909091
hashemasa,859,216.29336437718277,12.29569266589057,81.081490104773,2.433061699650757
hashemy_ir,1,112.0,12.0,21.0,0.0
hassanshariatm5,1,239.0,495.0,29.0,73.0
hastyarrr,109,223.8256880733945,5.541284403669724,43.04587155963303,0.30275229357798167
hesamorouji,62,283.7903225806452,5.790322580645161,49.61290322580645,1.032258064516129
hightesla,3,29.333333333333332,0.0,5.333333333333333,1.0
hoda2728,110,49.1,2.3727272727272726,6.163636363636364,0.21818181818181817
hojjat_kalashi,22,1143.909090909091,77.18181818181819,311.27272727272725,25.545454545454547
homeyramis,353,330.4334277620397,12.082152974504249,87.45042492917847,2.104815864022663
honarparvar2020,3,108.66666666666667,1.0,14.0,0.3333333333333333
hooman__khalili,10,746.5,44.2,125.9,6.4
hossein_d15,1,395.0,10.0,58.0,1.0
hosseintajik07,15,355.3333333333333,13.066666666666666,107.53333333333333,4.066666666666666
hs_maryam,8,199.0,6.625,25.625,0.25
hzarkesh,4,145.5,6.75,26.0,0.75
ilya_sh3,1,0.0,0.0,0.0,0.0
iman_inj,4,20.75,2.0,1.0,0.0
imdearie2,124,558.8306451612904,12.088709677419354,88.00806451612904,1.2661290322580645
inazkam,1,1.0,1.0,0.0,1.0
indypersian,13,2443.153846153846,93.6923076923077,537.8461538461538,28.384615384615383
interchapga,10,313.5,27.5,67.4,3.3
inventor_kevin,197,316.24365482233503,6.842639593908629,65.3502538071066,1.5380710659898478
iraj63569385,161,162.73291925465838,8.20496894409938,56.62732919254658,2.4347826086956523
iraj_mesdaghi,1,519.0,155.0,27.0,11.0
iran22851566,228,58.46052631578947,2.1008771929824563,19.06140350877193,0.35964912280701755
iran33k,5,85.2,1.4,25.0,1.0
iran_misazamat,597,20.587939698492463,2.2596314907872697,4.298157453936349,0.1507537688442211
iran_vdt,97,896.1752577319587,51.78350515463917,191.03092783505156,6.525773195876289
iranariyayi64,45,193.55555555555554,14.066666666666666,34.22222222222222,0.9555555555555556
iranaxis,1,322.0,3.0,56.0,2.0
irandokht_20,33,238.12121212121212,16.181818181818183,65.06060606060606,2.0303030303030303
iranianbamdad20,2,31.5,1.5,2.0,0.0
iranianpappppi3,404,649.3688118811881,21.01732673267327,108.39851485148515,2.297029702970297
iranologyscty,1,2729.0,24.0,202.0,16.0
iranovsky,24,1778.5416666666667,24.333333333333332,204.875,4.833333333333333
irantehran401,1,1.0,0.0,0.0,0.0
iranwire,1,465.0,43.0,72.0,32.0
iranzad_98,13,1.3076923076923077,0.15384615384615385,0.0,0.0
israelrouydad,416,662.0913461538462,32.95913461538461,112.67548076923077,2.545673076923077
itisbatgirl,53,33.132075471698116,1.7547169811320755,8.037735849056604,0.1509433962264151
itsgisou,1,1256.0,64.0,43.0,53.0
itshamedfard,48,2336.2916666666665,105.64583333333333,472.9791666666667,14.270833333333334
jabijoon26588,165,230.35757575757575,13.424242424242424,26.745454545454546,0.8787878787878788
jalilparsi,4,142.25,11.25,20.0,0.75
jalovemila,262,202.95801526717557,8.606870229007633,30.454198473282442,0.7519083969465649
javadsimin,1,3731.0,63.0,24.0,1.0
javid_EPir,2,0.5,0.0,0.0,0.0
jiar06731264,23,288.7391304347826,16.0,88.91304347826087,4.608695652173913
john_lucckk,1,203.0,0.0,16.0,0.0
jwd06342045,18,103.22222222222223,8.222222222222221,15.055555555555555,0.5
jwny_ywsf,1,96.0,29.0,28.0,1.0
k_Mostafavi,1,668.0,15.0,218.0,4.0
kalaq666,14,34.57142857142857,2.7142857142857144,6.214285714285714,0.14285714285714285
kamalpishvandi,7,770.2857142857143,17.285714285714285,325.42857142857144,10.714285714285714
kamangir77,1,431.0,84.0,118.0,7.0
kasrakarimi3,67,768.7164179104477,21.55223880597015,139.50746268656715,3.4776119402985075
kaveh_shirzad,2,355.0,92.0,44.5,9.5
kaykhosrow5,209,433.10526315789474,19.267942583732058,105.37320574162679,3.0526315789473686
kayvanabbassi,1,3069.0,127.0,510.0,19.0
kazeroonkings,510,4.045098039215686,1.0196078431372548,0.9294117647058824,0.06470588235294118
ketn7912,13,171.30769230769232,7.538461538461538,38.23076923076923,1.6923076923076923
keykemiveyi,394,70.41116751269035,5.771573604060913,21.274111675126903,0.7360406091370558
keyonek1,1,1.0,0.0,0.0,0.0
khalaji_mehdi,1,37.0,23.0,4.0,3.0
kharkhali,12,326.1666666666667,20.166666666666668,76.75,2.5
kharmagas_UK,2,121.0,9.0,0.5,0.5
khodn98,15,350.46666666666664,14.4,20.6,0.7333333333333333
khokhlakof,1,433.0,49.0,125.0,106.0
khormal0098,25,185.6,8.28,41.84,1.32
khshayartaj,3,1052.6666666666667,33.333333333333336,195.33333333333334,8.666666666666666
kiaAbi444,1,6.0,0.0,0.0,0.0
kiarashfarasat1,13,188.46153846153845,18.153846153846153,62.84615384615385,6.615384615384615
king_Sarab47,1,26.0,7.0,17.0,1.0
king_fishpoet,280,301.2857142857143,9.396428571428572,42.625,0.9571428571428572
knbhgfk,3,1.6666666666666667,0.6666666666666666,0.0,0.0
kont1320,1,75.0,6.0,8.0,1.0
koroshCR7,11,287.6363636363636,7.818181818181818,56.0,1.0
koruosh2023,13,4.6923076923076925,0.6153846153846154,1.0769230769230769,0.07692307692307693
koteh_bamishi,3,0.6666666666666666,0.0,0.0,0.0
kouli2017,1,224.0,7.0,42.0,1.0
kouresh_kabir,98,344.53061224489795,19.857142857142858,85.74489795918367,3.7142857142857144
kouroch7,226,256.070796460177,18.13274336283186,54.47345132743363,1.1725663716814159
kshahrooz,4,1077.75,308.25,95.75,17.5
kuroosh521,5,98.6,8.8,23.4,2.6
lIshaghayeghlI,37,284.94594594594594,26.756756756756758,80.21621621621621,3.4054054054054053
leiliii27,36,6.222222222222222,0.6111111111111112,0.19444444444444445,0.027777777777777776
leiluniran,1,111.0,7.0,10.0,5.0
lexi__princess,17,78.17647058823529,2.3529411764705883,8.588235294117647,0.4117647058823529
lilireyyy,1,211.0,6.0,50.0,5.0
limondar0,30,128.53333333333333,2.033333333333333,21.266666666666666,1.0333333333333334
liwooom,2,1352.5,249.5,139.5,4.0
lnahalllnahall,1,56.0,23.0,8.0,1.0
m_ojmal,1,1762.0,1202.0,15.0,175.0
m_rahmanifar,1,348.0,320.0,25.0,23.0
maanii_a,3,119.66666666666667,2.0,12.333333333333334,0.0
mabi182,20,61.75,3.0,18.05,0.85
mahboubeh_mdi,17,1215.8823529411766,30.647058823529413,166.88235294117646,6.529411764705882
mahdieh_golroo,1,56.0,2.0,1.0,1.0
mahenoghre,14,790.6428571428571,29.642857142857142,70.64285714285714,3.0714285714285716
mahii_to,1,215.0,296.0,6.0,125.0
mahistan,31,969.741935483871,34.354838709677416,167.4516129032258,4.129032258064516
mahrokh19726311,371,41.02156334231806,1.5202156334231807,8.283018867924529,0.16172506738544473
mahsa8659,70,24.771428571428572,0.7,7.742857142857143,0.12857142857142856
mahsa_300,68,211.35294117647058,4.279411764705882,37.55882352941177,0.5882352941176471
mahsa_piraei,1,810.0,33.0,119.0,3.0
majid53866855,4,0.75,0.0,0.0,0.0
majid_ranjbaran,508,340.6082677165354,17.966535433070867,87.21850393700787,2.8897637795275593
majidazarpey,1,224.0,19.0,22.0,3.0
majidfallah11,9,1132.6666666666667,48.55555555555556,236.22222222222223,6.222222222222222
mandela08940434,1,2.0,0.0,0.0,0.0
manototv,3,3415.3333333333335,241.66666666666666,991.0,58.0
mard_meshki,4,158.75,3.0,29.75,0.5
margbar3fased,12,1164.0,53.916666666666664,301.5,16.583333333333332
marianmeyer0,15,114.2,0.9333333333333333,17.866666666666667,0.9333333333333333
maryan1810,34,2.735294117647059,0.38235294117647056,0.3235294117647059,0.029411764705882353
marytabanejad,1,62.0,3.0,3.0,1.0
mashmolak,4,344.5,10.25,89.25,0.5
mashrotehorg,8,459.0,16.5,129.625,8.375
matador_khaste,24,159.0,4.083333333333333,10.0,0.375
matmat1389,7,267.57142857142856,15.428571428571429,71.14285714285714,3.5714285714285716
max_mad777,7,1846.2857142857142,28.571428571428573,370.85714285714283,5.285714285714286
megamaniran,2,0.5,0.0,0.0,0.0
mehrdadbkhtiari,2,2855.0,119.5,865.0,35.0
memar1982,1,430.0,2.0,40.0,0.0
memarsadeghi,1,21.0,118.0,8.0,10.0
merlin_a_h,239,349.8619246861925,41.28870292887029,96.80753138075313,4.577405857740586
mery202120,26,29.26923076923077,1.5384615384615385,7.461538461538462,0.3076923076923077
mihanimarzban03,9,812.4444444444445,9.333333333333334,150.33333333333334,2.2222222222222223
mikhake_noqrehi,106,407.0660377358491,21.132075471698112,71.91509433962264,2.0
miladpoureisa,1,1309.0,355.0,102.0,68.0
milaniabbas,1,463.0,65.0,58.0,8.0
mirakh838,1,206.0,9.0,49.0,2.0
mnz1033,1,4949.0,76.0,892.0,9.0
mobarez_nastooh,1,200.0,15.0,31.0,1.0
moh_heidari,2,144.0,3.5,52.5,2.5
mohammad2zab,1,72.0,1.0,16.0,1.0
mohammadd4456,1,1740.0,25.0,97.0,7.0
mohammadsoltann,1,4904.0,230.0,721.0,57.0
mojgan07798961,321,44.333333333333336,3.616822429906542,12.894080996884735,0.3146417445482866
mojtabanikoo,1,2747.0,147.0,188.0,14.0
mollah,8,1815.375,38.375,174.625,3.5
morrysafi,12,388.9166666666667,14.916666666666666,117.58333333333333,6.333333333333333
moslehiali,1,288.0,18.0,43.0,3.0
mostafaa2024,1,416.0,3.0,38.0,0.0
mostafaa_karimi,1,1.0,0.0,0.0,0.0
mostafamehraeen,2,1124.0,742.5,41.0,83.0
mr_yousefi_,1,189.0,9.0,11.0,0.0
mrhosein00,5,69.4,6.6,2.8,0.6
myfootkin,1,1161.0,16.0,125.0,3.0
mypersia1_,6,158.66666666666666,3.0,23.333333333333332,0.3333333333333333
naderifar,5,1087.4,54.6,280.0,13.2
nafasjan903269,1,4.0,0.0,0.0,1.0
nargesfnd,1,1309.0,749.0,240.0,55.0
naslesookhtehh,145,11.455172413793104,1.1241379310344828,1.8344827586206895,0.06206896551724138
naslsokhteh60,26,223.19230769230768,21.846153846153847,63.73076923076923,3.769230769230769
nasrinraj,2,54.5,3.0,12.0,1.0
nastaran8888,17,145.7058823529412,14.294117647058824,50.470588235294116,1.8235294117647058
nav11dd,4,4.25,0.0,0.0,0.0
navidi49,94,231.14893617021278,13.808510638297872,58.0531914893617,2.9468085106382977
navidmajd11,71,18.87323943661972,1.3380281690140845,3.4507042253521125,0.07042253521126761
nazanin7,247,579.1052631578947,33.012145748987855,125.02024291497976,5.2591093117408905
negannegan55,139,422.40287769784175,17.884892086330936,89.35251798561151,2.7553956834532376
nejatbahrami,2,941.0,35.5,200.5,6.0
neo_pahlavism1,21,152.47619047619048,5.380952380952381,46.095238095238095,1.9047619047619047
neptunegalaxy21,2,1.0,0.0,0.0,0.0
nesbyat,1,1.0,0.0,0.0,0.0
netvand,3,254.0,2.0,38.0,2.0
niko123niki,570,126.94561403508771,6.421052631578948,34.65438596491228,0.7596491228070176
nimania,3,922.6666666666666,12.666666666666666,115.0,3.3333333333333335
noodlesss1990,98,232.44897959183675,6.642857142857143,31.846938775510203,1.3265306122448979
nooralitoon,2,139.5,13.5,7.5,1.0
obeydzacany,66,7.742424242424242,0.10606060606060606,0.9696969696969697,0.015151515151515152
off734,63,436.07936507936506,16.523809523809526,84.7936507936508,2.634920634920635
omid_133A,1,177.0,23.0,7.0,8.0
omid_AV2,2,0.5,0.0,0.0,0.0
omiddana19,3,159.0,147.66666666666666,8.666666666666666,7.0
onlymuratt,6,216.16666666666666,11.833333333333334,23.833333333333332,0.5
ordinaryman1980,31,545.6451612903226,17.161290322580644,122.93548387096774,3.161290322580645
oshtb,143,286.02797202797206,25.3986013986014,52.01398601398601,1.5804195804195804
osyangary,37,142.9189189189189,3.2972972972972974,28.62162162162162,0.8378378378378378
pahlavi_davoud,1,5607.0,345.0,736.0,40.0
pahlavi_yasmine,4,436.75,10.0,100.0,1.25
pahlavikhah43,173,610.849710982659,25.751445086705203,109.64161849710983,2.3641618497109826
pahlavirezacpar,13,294.38461538461536,17.384615384615383,13.076923076923077,1.6923076923076923
parand____,6,17.5,0.5,6.333333333333333,0.16666666666666666
pardisa6,8,109.625,7.375,30.25,1.75
parla91979,56,154.125,11.071428571428571,42.375,1.25
parsi27871,116,163.8448275862069,10.008620689655173,46.81896551724138,2.1379310344827585
parspersian,65,212.58461538461538,11.092307692307692,29.6,1.0
partneremma,1,0.0,0.0,0.0,0.0
parwaz22,35,342.37142857142857,9.457142857142857,60.371428571428574,1.8571428571428572
parysatis_banoo,31,315.16129032258067,24.35483870967742,91.70967741935483,4.806451612903226
pasargadguard,118,498.3728813559322,33.92372881355932,79.72033898305085,2.9237288135593222
patrick_jane77,7,3752.285714285714,39.0,662.4285714285714,8.0
pegah_shirazi,10,599.6,14.1,65.0,3.2
persepolis78,5,52.4,1.2,20.4,0.6
persian_warior,6,71.5,4.5,13.333333333333334,0.5
pesarrrr,2,1525.5,138.0,80.5,2.5
pirouzimm,2,205.5,1.0,35.0,1.0
pirozzzzzzzzz,57,347.3333333333333,9.157894736842104,51.03508771929825,1.2456140350877194
pizza_facey,218,511.151376146789,15.211009174311927,109.70183486238533,2.4724770642201834
pk20333999,282,2.2375886524822697,0.1702127659574468,0.5460992907801419,0.0035460992907801418
policenama1401,14,293.14285714285717,8.357142857142858,56.92857142857143,1.0714285714285714
potypto,1,293.0,3.0,23.0,0.0
pouriazeraati,3,962.6666666666666,47.666666666666664,96.33333333333333,5.333333333333333
pourya,24,2.4583333333333335,0.0,0.0,0.08333333333333333
powerpeople_,6,262.6666666666667,2.5,34.333333333333336,0.5
prime_factor_,2,136.0,7.5,7.0,1.0
protester0101,2,80.0,2.0,21.0,2.0
proudlypersian1,329,259.3465045592705,10.072948328267477,50.12765957446808,1.2613981762917934
quietgirl7319,1,80.0,30.0,2.0,6.0
r_rahimpour,1,1071.0,62.0,37.0,31.0
rahaaaman,1,74.0,53.0,4.0,20.0
rahaforever4you,175,321.08,12.565714285714286,75.64,2.354285714285714
rahar9075,164,28.9390243902439,2.432926829268293,11.207317073170731,0.9451219512195121
rahayee_,1,53.0,0.0,3.0,0.0
rahe_AZADI_5,98,9.13265306122449,0.7244897959183674,2.020408163265306,0.12244897959183673
rahimy166,471,151.5796178343949,9.05307855626327,53.89171974522293,1.989384288747346
rasoulipour,2,4330.5,68.0,364.0,30.0
rasulbajelan,9,6.888888888888889,0.4444444444444444,1.6666666666666667,0.1111111111111111
rayehe_rabi,134,171.5820895522388,15.261194029850746,45.69402985074627,2.3507462686567164
re1001za,1,167.0,103.0,9.0,10.0
realfarid7,1,268.0,0.0,29.0,0.0
remisgp,1,79.0,1.0,7.0,0.0
reptile_fight,225,92.20444444444445,3.5555555555555554,15.36,0.24444444444444444
rezak121212,145,93.51724137931035,4.820689655172414,30.779310344827586,0.9379310344827586
rezatorkamand,46,180.97826086956522,10.23913043478261,53.15217391304348,1.2391304347826086
rezayyyyy,1,2.0,0.0,1.0,0.0
rezayyyyyyy,9,0.2222222222222222,0.0,0.0,0.0
riokhosravi,68,346.6029411764706,35.0735294117647,53.955882352941174,3.8529411764705883
rosaparto,1,116.0,39.0,3.0,3.0
roshanak_ast,5,676.2,17.8,144.0,5.2
roshangarnasl,1,751.0,48.0,112.0,5.0
rouhanim,74,167.33783783783784,7.202702702702703,53.513513513513516,1.5810810810810811
rrghadi01,1,3055.0,497.0,175.0,31.0
runykeyoldpics,3,8.333333333333334,0.0,1.0,0.0
ryaniran,1,870.0,41.0,149.0,9.0
saba_khoi,125,288.424,14.328,69.832,2.992
sababagherii,4,161.25,7.25,10.0,2.75
sadat110_hosna,1,884.0,391.0,155.0,20.0
sadeghZibakalam,1,1247.0,1091.0,67.0,83.0
saeed_akbari39,92,30.25,4.619565217391305,4.836956521739131,0.21739130434782608
saeid_555555,82,182.34146341463415,12.012195121951219,70.53658536585365,2.451219512195122
safarazlilipoot,2,10.5,0.5,0.0,0.0
saiedshemirani,1,22.0,2.0,5.0,1.0
salarvan_vahid,1,0.0,0.0,0.0,0.0
samadiHosein,4,569.75,21.75,133.25,3.5
saman_sarraf,132,585.6818181818181,18.045454545454547,108.56060606060606,3.8106060606060606
samirkh1389,6,403.6666666666667,129.66666666666666,78.66666666666667,3.8333333333333335
samsarbazvatan,5,31.0,2.4,5.6,0.4
sanazazanas,11,448.09090909090907,38.54545454545455,137.9090909090909,4.818181818181818
sandys_khor,1,625.0,112.0,100.0,16.0
sangtarash_azad,1,1665.0,116.0,254.0,33.0
saraa22shz,33,343.3939393939394,6.848484848484849,78.03030303030303,2.242424242424242
saraghavamian,23,318.7826086956522,12.652173913043478,70.17391304347827,4.782608695652174
saramobarez1,1817,386.0225646670336,18.732526141992295,84.0170610897083,2.093010456796918
sasanrahimpour1,239,147.44769874476987,7.2594142259414225,36.76150627615063,1.2468619246861925
satggin,234,308.44017094017096,8.196581196581196,70.72222222222223,2.8205128205128207
sattarkhan121,126,143.46825396825398,4.841269841269841,38.26984126984127,1.0317460317460319
sazanist40,1,17.0,0.0,1.0,0.0
scharllinn,10,800.3,9.4,123.5,2.0
searusM,5,414.0,10.2,96.4,3.2
secular_d,2,812.0,127.5,123.0,24.5
sedaye_iran,8,856.375,83.5,74.5,7.0
sedaye_mardoom,2,889.5,2.0,131.5,2.0
seedhossein2111,1,1829.0,264.0,244.0,5.0
sepahani,10,43.2,1.5,9.5,0.3
sepiedhia,30,1794.2666666666667,75.36666666666666,385.6333333333333,10.033333333333333
seyedMuostafa,1,59.0,10.0,1.0,0.0
shadisadr,2,623.5,122.5,132.0,93.5
shah_parast_k,521,76.8042226487524,7.2840690978886755,12.255278310940499,0.3877159309021113
shah_pari431,1,92.0,16.0,4.0,0.0
shahdadh59,34,121.79411764705883,2.1470588235294117,21.176470588235293,0.5294117647058824
shaheen_ir,1,0.0,0.0,0.0,0.0
shahii1984,37,322.2432432432432,31.7027027027027,59.432432432432435,1.837837837837838
shahinnajafi80,2,14372.5,831.5,2666.0,200.0
shahira60210003,113,579.0176991150443,15.814159292035399,89.2566371681416,2.017699115044248
shahnazteherani,5,458.2,21.4,48.0,2.0
shararehtalaeii,398,257.85929648241205,9.984924623115578,85.92964824120602,2.748743718592965
shayan_shahnazi,362,1068.4060773480662,29.37845303867403,137.47513812154696,2.212707182320442
sheykhbabar2,1,115.0,3.0,5.0,0.0
shgolzarfar,1,5547.0,615.0,70.0,32.0
shino_sdch,28,135.64285714285714,2.2857142857142856,19.392857142857142,0.5357142857142857
shirinkhanomam,1,301.0,25.0,28.0,1.0
shirkhaan69,14,366.7857142857143,28.5,49.57142857142857,4.571428571428571
shooresh57,140,533.9142857142857,26.707142857142856,89.60714285714286,3.2285714285714286
shortfairy809,8,140.0,3.375,17.625,0.75
siaayrom,1,435.0,13.0,104.0,2.0
siahylashkar,6,28.333333333333332,0.6666666666666666,6.0,0.16666666666666666
siamakfarid,1,95.0,71.0,11.0,1.0
siavash_sepehr0,53,62.716981132075475,4.113207547169812,25.245283018867923,0.7735849056603774
siavosh48,6,32.5,1.3333333333333333,14.666666666666666,0.16666666666666666
simin223316966,197,115.68020304568527,5.060913705583756,43.31979695431472,1.5786802030456852
simonederayeh,11,1294.3636363636363,33.45454545454545,174.8181818181818,4.818181818181818
simurgh2580,19,428.5263157894737,45.31578947368421,94.21052631578948,3.6315789473684212
sirous15,108,10.064814814814815,0.3333333333333333,2.685185185185185,0.08333333333333333
smjm1972,27,0.9259259259259259,0.2962962962962963,0.07407407407407407,0.0
soheili84,615,527.7560975609756,12.819512195121952,88.33170731707317,1.7463414634146341
sohrab_siyavosh,343,9.107871720116618,1.478134110787172,1.903790087463557,0.037900874635568516
soozi2244,1,182.0,6.0,19.0,2.0
soroush_mary,11,3.272727272727273,0.09090909090909091,0.7272727272727273,0.0
sourenasanto,131,146.3206106870229,7.572519083969466,25.14503816793893,1.2671755725190839
ssaallaar,10,1.7,0.0,0.1,0.0
starbombaIR,30,4.8,1.6333333333333333,0.06666666666666667,0.1
steveimcqueen,87,372.7471264367816,13.71264367816092,62.367816091954026,1.1264367816091954
suuoozanam,4,594.0,28.75,97.25,5.5
talaye738,1,531.0,102.0,62.0,5.0
tanha1358,1,163.0,39.0,12.0,2.0
tanhatak5112,3,165.0,8.333333333333334,45.0,1.3333333333333333
tanhayektiger,78,390.9230769230769,8.628205128205128,72.74358974358974,0.7564102564102564
the_leoleeny,3,1.0,0.0,0.0,0.0
thesittinggav,76,266.2894736842105,9.460526315789474,38.86842105263158,1.236842105263158
thetwelfth_Imam,3,2035.6666666666667,24.666666666666668,120.66666666666667,3.6666666666666665
tomasshellllby,32,0.375,0.0625,0.0,0.0
trollsiasi,57,773.5964912280701,28.63157894736842,99.73684210526316,2.2982456140350878
trumppersia,7,2564.0,387.57142857142856,131.71428571428572,17.428571428571427
twittbirds7,9,0.0,0.3333333333333333,0.0,0.0
unikador,36,735.3611111111111,24.166666666666668,262.8611111111111,10.36111111111111
unknownproteste,426,391.2300469483568,15.748826291079812,89.5,1.664319248826291
upuouo,15,277.73333333333335,15.066666666666666,103.66666666666667,5.933333333333334
vahid__bahman,6,3530.8333333333335,219.83333333333334,790.5,36.666666666666664
vahid_esmaeilii,5,327.6,8.4,52.2,0.6
vajname,1,13.0,0.0,0.0,0.0
vanheda97,21,353.42857142857144,50.80952380952381,109.95238095238095,3.142857142857143
venus133333,341,599.9296187683284,22.873900293255133,87.22873900293256,2.6158357771260996
voltaireiran,183,213.01092896174865,8.103825136612022,50.51912568306011,1.5573770491803278
wilma890,2,303.5,15.5,81.5,2.5
xBx73mOl77qBATH,414,28.11111111111111,1.4130434782608696,6.543478260869565,0.20531400966183574
yYh8x5hC6nxh1Wd,26,695.7307692307693,19.423076923076923,106.03846153846153,2.8076923076923075
yaamaashitaa,53,269.2641509433962,17.962264150943398,41.698113207547166,2.792452830188679
yalnizkartal041,2,77.5,3.5,5.5,1.5
ybensnkr888,103,336.0873786407767,14.631067961165048,77.87378640776699,2.320388349514563
yebekhe,2,8.0,0.0,0.0,0.5
yekta52341478,9,170.0,25.0,37.44444444444444,1.5555555555555556
young_sheldon1,2,47.0,0.5,6.0,0.0
zahra_hp_1,1,2770.0,529.0,88.0,27.0
zarei_arad,2,2599.0,89.0,641.5,19.5
zarin_farzad,4,769.5,40.5,154.0,6.5
zhina2019,1,106.0,2.0,21.0,0.0
zhiyan_shah,166,190.04819277108433,6.506024096385542,43.59036144578313,1.4759036144578312
zone7689,13,227.46153846153845,41.0,53.30769230769231,1.9230769230769231
zootopiazz,3,189.0,11.333333333333334,43.333333333333336,1.3333333333333333
