screen_name,tweet_count
007mi00,21
0DZiSITpiiNtEKe,220
0mhp037,1
0xKaveh,1
18Mandana,11
1fE0H6Rofed6H0P,25
2002Kingfox,38
2EXPvZWQ7LLPX4P,3
2TOSgzCFJ8VtSJK,4
2_grami,3
5anazazana5,6
5pickkk,116
6njeli,15
777Masiha,4
AAzadian2005,1
ALBORZ_ANJOMAN,45
ANITABAKT,18
ANTIAMOONiM,57
ANTYTHEZIS,25
ANUBIS_GOD2,77
APasserby12,84
ARDESHIR005,12
ARHAMEL2,974
AYAyatollahi,1
A_Jafarzadeh,1
AbiDel23952698,8
AccuracyHHM,102
Achaemenid2582,17
Action4IR,2
Addison77866447,55
AdelBadel7,6
Adlin_SheHulk,76
AfshinEllian1,1
AghayeThomas,14
AhmadySetareh,4
Airf0rArts,2
AjaNews_persian,1
Akhis_pakhis2,36
AkhoondeMorde,42
AlArabiya_Fa,1
Alex47778556934,1
Ali49781135,65
AliAghell,2
AliAlimartin893,209
AliEbrahimzade_,6
AliHamid27,10
AliReza_Hafezi1,1
AliZolg85051503,30
Alighazizade,1
AlinejadMasih,2
Alireza7553,11
Amardiyamm,1
AmiinMosavii94,1
AminBehroozi2,143
AmirHadiAnvari,2
AmirTaheri4,1
AmiriySara,2
Amooamirkhan,6
Angel71as,1
AngelOnDuty06,227
Ansari_Bahman,2
AntiProp_aganda,6
AplcarolineDr,76
AppleFarsii,1
Arad60292050,1001
Aramofen,91
Arash87kamangir,69
Arashir22142540,6
ArdavanMofid,4
Arezoo_8060,19
Arezurose,143
AriaOmid,3
AriaVatanpour,73
Ariamehhr,3
AriamehrAaron,93
ArianArian00,6
ArianMutter,49
Arianrad5,2
Ariaroshangar,15
Ario1401,151
Arman1828ex,2
Armanjasoor,67
Armin19910215,1
ArminNavabi,1
Arrested_voice,96
Arsalan_shizi,1
Arsha45914097,2
Artemizshahdokh,25
ArteshAriamehr,557
Aryammehr_2,409
Aryan_phoenix,2
Asadi222Mehrdad,22
AsbeAtash45,473
AsgharSepehri,6
Astrophil_Mars,305
Ava_e_rahaee,2
Awat_Baggio,10
AzadChakavak,175
AzadehKhorasan,136
Azadlavasani,5
Azihastam1,20
BB_Goal,28
BELOVEDIRAAAAN,2
BParnian1,34
BabakShekarabi,31
Bachejirjirak,98
Bahar00452227,1
Bahar__Bahari,55
Bahar_e_Azadi,1
Baharak_Irani,5
Bahram2541,9
BamdadPirouzi,478
Banuirani84,72
Banuyetehrani,3
Baran27922,60
Baranaryaee2,103
Baraye_Azadi_,105
BardiaGarshasbi,21
BardyaBorna,1
BarfiiIran,98
BeeVan88,368
BehrouzBoochani,1
Behrouzjt,4
BehzadZara,37
Behzadhamrahi,5
BeniSabti,3
Benyami1980,2
Benyamin_SADR,1
Bermooda1380739,139
Birdofpeacelove,17
Bob00033791,3
BobbyHeravi,6
Borhan_Majd,1
BugsBuny90,50
Calling_Parisa,166
Camel6561,72
CameronBehzadi,123
CaramelCakeeee,3
CemalK25777Cema,494
Chahdortt,8
Charchism,1
CheNahaara,211
Cheguevara_Amir,1
Chetoriarzeshi,7
Chobin_pahlavi,8
Cilia1919,89
CinemaRex,9
Cowboy_datoboy,1
CyrusGreatSon,4
D0wn_Under,1
DDSBobby,16
DJHastamMoHo,63
DPezeshkian1403,1
Dadylongleggpv,34
DamDami,1
DanaMehraban,21
DarGoldan2,18
DarkSheepRise,1
DavariAbdolreza,1
DawnAndTheX,1
DeTahmineh,3
Delban_Sa,6
DidarHesam,1
Diiyako_ir,41
Dokhi_sag,3
DrShehabP,34
EELKHAN1,1
E_Aria_N,2
EbneHava,1
Ebne_noah,38
EboshiJasmine,8
EghbaliBabak,4
Ehsanism,1
ElhamOmidvari,4
Emen43054466,40
EpochTimesPer,1
Ervin_dearcelo2,3
F7_Arash,2
FAZEL_TWT,1
FAli1969,21
FXMNDLSN,3
F_Mohajerani,2
Fahimehkhezr,1
Fakhravar,2
FanpageYaspah,27
Far_yaddd,20
FaranakAzad1,808
FarashgardFdn,3
FarbodArian,25
Farbodahmadi880,1
FardadFarahzad,1
Fareydunfarrokh,2
FarhadiIvar,1
Fariba60867811,4
FarsNews_Agency,1
FarzanehAghaei,12
FattahiFarzad,1
FereydounJRL,3
FeryTiamo,10
Ffarhad7412,144
ForadiMohammad,1123
Forouzandy,4
Freedom_of_IR,204
Ftmh_zhra_jnde,12
GIV2021,13
GadflyPersia,3
Gard_e_Javidan,90
GenJahanbani,3
GhassemiAbi,77
GhorbaniiNiyak,10
GhoreishiR,4
Giti544,110
Gmod_irian,2
Goftaniha,1
GolestanParsa,11
GreatIran2023,83
GreyWol08482159,4
HAXTAX0,1
HHeLLFireeeeee,13
HSheibanyrad,7
H_2Arya,12
Haghgooie,1
Haleh_Panzer,47
HananyaPersian,12
HastiGh4,156
HatIsRed,3
Havin_N5,1
HeKasrehCrisis,1
HegeI_javan,171
HichkasOfficial,1
Hila1363,22
HirAn_irani,131
HistoryInPik,2
History_Wall,15
HiwaTubeAI,3439
HiwaTubeAI2,101
Homan_You,27
Hoorieh81,329
Hosein40122106,7
Hosein_Golzar75,1
HosseinAshtarii,2
HosseinGhatib,1
Hossein_68_38,19
HosseiniRouzbeh,30
Hosseinla1,44
House_MD11,2
Hqkaya,2
IMbeatreas,180
IQazaal,1
IRAANBAAN,393
IRANIAZAD140,20
IRAN_javid863,119
IR_Kermanshah,2
IamZeus6,2
ImErmia,1
ImNotMarsh,1
Im_zhozefin,4
ImamToosi,2
IrBozorg,4
IrTimes,1
IranImmortals,7
IranIntl,12
IranLionness,1
IranNewsAgency0,171
IranNovinParty,4
IranPlateau1,128
Iran_Farda1,13
Iran_Mehr_2016,1
Iranaryan2579,85
Iraneshghal,14
Iranetanha,7
IraniMamoka,39
IranianArts,1
IranianPlateau,4
IranianWoman,1
Iranistics_UT,2
IsraelPersian,3
ItsKouroshKabir,5
Ivar_lathbrug2,2401
J1nne,1
JBehieh,17
JC_Constantine1,15
JM_pensylvani,1
JahangirTaban,6
JamesDeanUFO,416
JananKhorram,67
JaneVatan,1
JashniMitra,35
JavidShah0000,782
JavidShahansha,52
JavidanIranema,2
Jo5x8HaTcF3o5Px,210
JoOldooz,10
KFravahar,64
KalavaniSamad,61
Kamangir_133,6
KambizGhafouri,1
Kamran99575602,114
KamranMatin,1
KarimSnowman,1
KasraAarabi,2
KathyMobarez,1025
Katierebel2nd,80
KayhanLondon,25
KhatibiOfficial,1
Khosrowalikord2,1
KiMo10626877,975
KingBacker1,15
KingMaziyar,42
Klaus70268175,17
KnightAnahita19,128
Kolmar_kolmar,19
Koroshariae2021,1
Kourosh634,67
L0mpan,209
LadiKhanom,1
LadyJusticeIran,10
LakLak_Muzik,1
LawdanBazargan,1
Leila_Arya2,882
LiberalArtist00,2
Liberti2022,1
LibertyIranian,5
LightofRev,1
Lilium52709755,1
Lily92874373,112
LisaDaftari,3
LoabatK,2
LocallAndia,261
M0rtezaaaa,49
MChok7,102
MFshfshh71601,38
MOperaPhantom,1
MRYAZDAN,9
MRasayeshh,1
MadariSarzamin,5
MahdaviLeily,1
Mahizadyaar,32
Mahmoud55791825,14
MahmoudZibaie,3
MahnazShirali,2
Mahnush_A,66
Maj_mohammadi,1
MajidH44995071,26
MajidTavakolii,1
Majidirani99,46
Malin54449388,170
Malusakam,382
ManotoNews,51
Mard62881776,30
MardomakOnline,10
Marie36822764,228
MaryamDior,1
MaryamSarabii,1
Maryam_Rajavi,2
Maryam_Rajavi_P,1
MasIoob,3
Masad75405681,8
MashinMonee,3
MasoodBabapoor,1
MasoudSlii,1
Matinkhaledii,48
MaximReza3,533
Mayekhal,58
MayraYazdari,3
MazdakBAMDADAN2,3
MbShahnaz,60
Me_Hamed_Myself,3
Me_Unstoppable2,9
Medinfo_X,4
MehdiHajati,5
MehdiMMJ,1
Mehr_mihan,1
MehranShirazii,87
Mhrdadbarandaz3,96
Milad_Aghai1,1
Miss_Maropelle,7
Mitra_Jashni,13
Mmlekate,5
Mohadeseh1133,1
MohajranIran,16
Mohamad43059166,5
MohammadLak79,2
MohammadSaam_M,1
MohammadSigari,1
Mojtabapacino,2
Monarchy34,22
MonarchyLondon,130
Mooniter,1
Moradian_ir,1
Moriyarty1,48
Mosolchi,121
Mr20228,14
MrHiccup42,322
MuradyDiako,3
NFreeIran2022,52
NR2OH,2
NUFDIran,4
NaaserXA,5
NaderSoltanpour,1
NaeimShahi_Nima,293
NaeimehDoustdar,1
NaghmeL,162
NahidGhani,16
Najibnaik,1
NapelOn_daii,103
Nargolsafa,41
NasehMohi,1
Nasim_zephyr,92
Nasrinrose1,2
Nastaran9638495,497
Nationalist101,20
Neda73Neda,241
Nemiphos,1
Nemo_Regnum,27
Nezha_9515,5
Nickkhoo_arash,1
NikiPatriot,109
NilaBehzadi,4
Nilgonbanoo,4
Nokhod_f,1
NoushaEshghi,118
OfficialSimin,2
Oliver_jzy,24
OmidKT62,12
Omidam_Hamin,4
Overthrower_,8
PDKIfarsi,1
PIISHGOO,2
PMOIRAN,2
Pahlavi3vom,2
Pahlavi433726,34
PahlaviKourosh,2310
PahlaviReza,30
PahlaviahoraeeP,1476
Pahlavist2582,40
PanteaPeyvandi,173
PanteaRasouli,26
ParhamRamin,3
Parinaz_ETSM,3
Parpanchi,1
Parsaghobadi123,4
ParthianE,9
PartyPikp2582,2
Parvin965631051,4
PeaceHappyJoy,38
Pedar_Bozorgggg,6
Pegahan__,49
Peleja11,24
Peroz401939762,171
PersianGW,434
Persian_picture,12
PhoenixprjIran,3
Pirooz25372,69
PnMd1982,217
ProSHaHansHaaHi,5
Pro_Pahlavi,472
ProjectLeonOnX,36
PsrAsfhan27734,4
Qaaaasem,6
Queenaurora209,59
R0tterdamer,2
RADOCLUB,30
RBehrouzDO,85
REGIME_CHANGE03,19
REZAKH__,2
RFI_Fa,1
RShemroon,8
RadioFarda_,2
RadioZamaneh,1
Radiomashrooteh,8
Radman2576,7
RadmanIrani,20
RadmehrSiavash,1
RageAndHope,2
Raha_B_E_1,348
Rayan9717,7
Rchii_joon,1
RealAliJalali,32
RealPersianGod,34
Reddington_LA,38
Revolution_R_,138
RezaAhmadi_Lion,1
RezaRez11109331,40
RezaS27,11
RezaS49,56
RezaSensourfree,162
RezaVaisi,1
Reza__Soleimani,1
Rezahashemi1919,227
Roobahyab1,3
RosebudDonKhoan,105
Roshanaeii,12
Rppress0,99
RufusBeyn,2
RustaMasoud,31
SARBAZEH_VATAN1,7
SFaeze_Alavi,65
SGhasseminejad,13
SHAHIAVID,10
SHAYA9000,18
SaamGivrad,1
SabaBakhtyari,10
Sadaf__12,1
Saeed48920740,3
Safa_8863,117
SafaiDarya,1
SaharKhodayarii,2
SaiedehSaideh59,153
SalmanSima,10
SamanArbabi,1
SamanthaIrani,389
Samar_Iran,7
Sandisodoleh,16
Santamorte00,12
Saraab23734615,134
SasanAmjadi,1
Sashtyani,3
SavaSavadkoohi,37
Schahrzad_b,17
Scorpionofiran1,2
SedSia,4
SepehriHamed,7
Sepideh52191550,757
Sepiderashidi,1
Serpicoo3,1
ServinPooryamin,131
ShDelfan,16
ShahbanouFarah,2
Shaheenchevv,1
Shahin56802127,2
ShahinMajelan,46
Shahinlooo,2
ShahramKhalatb1,35
ShahramMakoui48,39
ShaunToub,1
ShawnaAzad2,8
ShayanX0,542
Sheina__,1
Sheyda_RI,5
ShiraziShaheen,610
Shirzad1968,33
Sho_Ber_5,36
SiamakGhassemi,1
SiavashIran,5
Siavashshahy,3
Silmaethdante,1
SinaToossi,1
Sinnerlondon,6
Sokoot3333,2
SoleymaniAzadeh,318
Solo_Commando,35
Sonofthebeach22,16
SooreBoz,10
Sssccpp,5
StupidJalal,2
SunLight__White,256
SushyanPahlavi,585
TNitrT,12
TahsinZhaleh,678
Tanha59977799,3
Tanha_5566,14
Tanhatarin00,22
TaraMedric,29
Tasnimnews_Fa,2
Tavaana,1
Ted_homan1361,1
Teeegra,1
Thank_you_Dj,41
TheBalochWorld,1
TheNorth_A,2
The_Doonald,3
TinaFay1978,228
TinaGhazimorad,3
Tinaaa2048,72
Tinabakhshi,15
Tondar1985,221
Tondbad3,3
TonyFreeman2015,10
ToukaNeyestani,2
Trdigrade,4
Ttp0088,8
Tymsar2578,1
UomoMees,53
VOAfarsi,10
Vahid,1
Vatanamk,27
Verethragnan,257
VidaSarafraz,401
ViemonX,86
With_pahlavi3,18
X4LIREZ4X,1
XPishik,115
YRnESzv9zRLIXuQ,216
YaarGhadimi,43
YaldaRod,1
YarabAydad,33
YasiPatriot,423
Yasmin4freedom,1
YepremKhann,45
ZAAL1474,5
Zagros1402,52
ZananFirouzehie,10
ZaneSharghi1358,1
Zimmermann____,934
_AshkAval_,43
_Hassan_sabbah_,1
_Jese_Pinkman,2
__H59__,9
__Injaneb96,3
____ROHI____,10
_mendeleev,2
_tinafrn_,1
aalchaa,5
ab_ganji,1
abdolah_abdi,3
abdorezaahmadi,1
abelbalb,1
abornaei,2
adam_hesabi,550
adam_hesabi1,8
afshari_aku,4
agha_rashti2,57
agha_xavier2,29
aghachurchill,14
aghayehesam,1
ahampay,18
ahmad_313m,1
akhtar1989,7
akserouz,2
alale26361947,1
alasht_Iran,74
ali_bitarafan5,1
aliemamiofnyc,27
alinaghi2018,16
alirezakiani2,13
alirzadabir,1
amiirhosseiinam,1
amin1917,8
aminkhss,1
amir41355273,60
amiretemadi,2
amirmoghadam_ir,1
amoopoya,42
antipantork1,2
aokurucz,284
arash135713,1
arash_tehran,5
ardeshir1387,34
ardeshiramiri,2
arezoubehrang_,375
ariafarpoori,190
ariamehr104,16
ariyaii_rahjoo,11
arsh9933,147
arteemis60,8
artesh_shah,139
arthorfmorgan,1
aryaieeasil,44
asoupar,1
atheistChild789,5
atheistcyrus,78
avantgardearses,24
ayazi_kamran,18
azadsocial_,1
azarbayjanX,1
azarthepersian,10
b2Kaveh,22
ba262626,5
baaarzaaakh,19
baharr_ali,1
balochestan1422,2
baran_mehr36,7
barayeiran9,93
bardi1980,19
bashirtash,1
beni_ta1,15
benyamin_aras,1
bernoam,2
bidari60,27
boss_big666,10
brgsht8970,9
c5GbNjtYsfYcHMr,2
cafeandisheh,3
california123AA,119
callmeraha13,1
chamli69,3
charlychaplin25,62
chawshin_83,2
chehre3521,10
cicikhanoom,1
corrrdeliiiaaa,2
cpiparty,2
crissss_sh,1
cryptosamz,2
dadkhahim,2
dariush1399,11
dariush2023,49
dariush25371,1
dariush_omran,1
darushirani13,60
darwinsabouri,1
daystar98173834,145
derafshkavianee,3
dkhos,1
drfalahatpishe,1
drkopii,51
drpezeshkian2,1
ebrahimi_mazyar,100
eisa_1355,1
eliiranabad,17
enferadi_shode,509
esmaeilion,1
esmailpour_m,2
estemnayi1,1
etelaf10,144
fairghh,37
faraaaz21_,1
farashgardii02,86
fardad200,73
faribadavodi,7
farshadeashour,5
farshidbabaei18,19
farvahar2023,42
fatemeh_sadat91,1
fcpii_official,4
fereidonfz,5
fereshtehgilaki,157
firstzorba1,16
flexcr7,2
foadshams,1
foster_spar,1
frank_1929,12
frarandeh,12
freeman010,690
fuxy_twite,256
fuzakeruna16,4
georg_patriot,18
ggehhry2,77
gh0lch0magh,1
gohareshghi,1
golberg2582,57
golnarjahanbani,1
golrokhiraee,1
goodbadatusa,294
gorbehsiah,2
green_Amir,11
hadimehrane1,2
hadinik,1
hadint83,1
hajmaameed,2
hamalilalin,2
hambastegi,5
hamidsanati6661,25
haniiiissss1387,30
hardseltzerr,2
hasanakevazir1,11
hashemasa,859
hashemy_ir,1
hassanshariatm5,1
hastyarrr,109
hesamorouji,62
hightesla,3
hoda2728,110
hojjat_kalashi,22
homeyramis,353
honarparvar2020,3
hooman__khalili,10
hossein_d15,1
hosseintajik07,15
hs_maryam,8
hzarkesh,4
ilya_sh3,1
iman_inj,4
imdearie2,124
inazkam,1
indypersian,13
interchapga,10
inventor_kevin,197
iraj63569385,161
iraj_mesdaghi,1
iran22851566,228
iran33k,5
iran_misazamat,597
iran_vdt,97
iranariyayi64,45
iranaxis,1
irandokht_20,33
iranianbamdad20,2
iranianpappppi3,404
iranologyscty,1
iranovsky,24
irantehran401,1
iranwire,1
iranzad_98,13
israelrouydad,416
itisbatgirl,53
itsgisou,1
itshamedfard,48
jabijoon26588,165
jalilparsi,4
jalovemila,262
javadsimin,1
javid_EPir,2
jiar06731264,23
john_lucckk,1
jwd06342045,18
jwny_ywsf,1
k_Mostafavi,1
kalaq666,14
kamalpishvandi,7
kamangir77,1
kasrakarimi3,67
kaveh_shirzad,2
kaykhosrow5,209
kayvanabbassi,1
kazeroonkings,510
ketn7912,13
keykemiveyi,394
keyonek1,1
khalaji_mehdi,1
kharkhali,12
kharmagas_UK,2
khodn98,15
khokhlakof,1
khormal0098,25
khshayartaj,3
kiaAbi444,1
kiarashfarasat1,13
king_Sarab47,1
king_fishpoet,280
knbhgfk,3
kont1320,1
koroshCR7,11
koruosh2023,13
koteh_bamishi,3
kouli2017,1
kouresh_kabir,98
kouroch7,226
kshahrooz,4
kuroosh521,5
lIshaghayeghlI,37
leiliii27,36
leiluniran,1
lexi__princess,17
lilireyyy,1
limondar0,30
liwooom,2
lnahalllnahall,1
m_ojmal,1
m_rahmanifar,1
maanii_a,3
mabi182,20
mahboubeh_mdi,17
mahdieh_golroo,1
mahenoghre,14
mahii_to,1
mahistan,31
mahrokh19726311,371
mahsa8659,70
mahsa_300,68
mahsa_piraei,1
majid53866855,4
majid_ranjbaran,508
majidazarpey,1
majidfallah11,9
mandela08940434,1
manototv,3
mard_meshki,4
margbar3fased,12
marianmeyer0,15
maryan1810,34
marytabanejad,1
mashmolak,4
mashrotehorg,8
matador_khaste,24
matmat1389,7
max_mad777,7
megamaniran,2
mehrdadbkhtiari,2
memar1982,1
memarsadeghi,1
merlin_a_h,239
mery202120,26
mihanimarzban03,9
mikhake_noqrehi,106
miladpoureisa,1
milaniabbas,1
mirakh838,1
mnz1033,1
mobarez_nastooh,1
moh_heidari,2
mohammad2zab,1
mohammadd4456,1
mohammadsoltann,1
mojgan07798961,321
mojtabanikoo,1
mollah,8
morrysafi,12
moslehiali,1
mostafaa2024,1
mostafaa_karimi,1
mostafamehraeen,2
mr_yousefi_,1
mrhosein00,5
myfootkin,1
mypersia1_,6
naderifar,5
nafasjan903269,1
nargesfnd,1
naslesookhtehh,145
naslsokhteh60,26
nasrinraj,2
nastaran8888,17
nav11dd,4
navidi49,94
navidmajd11,71
nazanin7,247
negannegan55,139
nejatbahrami,2
neo_pahlavism1,21
neptunegalaxy21,2
nesbyat,1
netvand,3
niko123niki,570
nimania,3
noodlesss1990,98
nooralitoon,2
obeydzacany,66
off734,63
omid_133A,1
omid_AV2,2
omiddana19,3
onlymuratt,6
ordinaryman1980,31
oshtb,143
osyangary,37
pahlavi_davoud,1
pahlavi_yasmine,4
pahlavikhah43,173
pahlavirezacpar,13
parand____,6
pardisa6,8
parla91979,56
parsi27871,116
parspersian,65
partneremma,1
parwaz22,35
parysatis_banoo,31
pasargadguard,118
patrick_jane77,7
pegah_shirazi,10
persepolis78,5
persian_warior,6
pesarrrr,2
pirouzimm,2
pirozzzzzzzzz,57
pizza_facey,218
pk20333999,282
policenama1401,14
potypto,1
pouriazeraati,3
pourya,24
powerpeople_,6
prime_factor_,2
protester0101,2
proudlypersian1,329
quietgirl7319,1
r_rahimpour,1
rahaaaman,1
rahaforever4you,175
rahar9075,164
rahayee_,1
rahe_AZADI_5,98
rahimy166,471
rasoulipour,2
rasulbajelan,9
rayehe_rabi,134
re1001za,1
realfarid7,1
remisgp,1
reptile_fight,225
rezak121212,145
rezatorkamand,46
rezayyyyy,1
rezayyyyyyy,9
riokhosravi,68
rosaparto,1
roshanak_ast,5
roshangarnasl,1
rouhanim,74
rrghadi01,1
runykeyoldpics,3
ryaniran,1
saba_khoi,125
sababagherii,4
sadat110_hosna,1
sadeghZibakalam,1
saeed_akbari39,92
saeid_555555,82
safarazlilipoot,2
saiedshemirani,1
salarvan_vahid,1
samadiHosein,4
saman_sarraf,132
samirkh1389,6
samsarbazvatan,5
sanazazanas,11
sandys_khor,1
sangtarash_azad,1
saraa22shz,33
saraghavamian,23
saramobarez1,1817
sasanrahimpour1,239
satggin,234
sattarkhan121,126
sazanist40,1
scharllinn,10
searusM,5
secular_d,2
sedaye_iran,8
sedaye_mardoom,2
seedhossein2111,1
sepahani,10
sepiedhia,30
seyedMuostafa,1
shadisadr,2
shah_parast_k,521
shah_pari431,1
shahdadh59,34
shaheen_ir,1
shahii1984,37
shahinnajafi80,2
shahira60210003,113
shahnazteherani,5
shararehtalaeii,398
shayan_shahnazi,362
sheykhbabar2,1
shgolzarfar,1
shino_sdch,28
shirinkhanomam,1
shirkhaan69,14
shooresh57,140
shortfairy809,8
siaayrom,1
siahylashkar,6
siamakfarid,1
siavash_sepehr0,53
siavosh48,6
simin223316966,197
simonederayeh,11
simurgh2580,19
sirous15,108
smjm1972,27
soheili84,615
sohrab_siyavosh,343
soozi2244,1
soroush_mary,11
sourenasanto,131
ssaallaar,10
starbombaIR,30
steveimcqueen,87
suuoozanam,4
talaye738,1
tanha1358,1
tanhatak5112,3
tanhayektiger,78
the_leoleeny,3
thesittinggav,76
thetwelfth_Imam,3
tomasshellllby,32
trollsiasi,57
trumppersia,7
twittbirds7,9
unikador,36
unknownproteste,426
upuouo,15
vahid__bahman,6
vahid_esmaeilii,5
vajname,1
vanheda97,21
venus133333,341
voltaireiran,183
wilma890,2
xBx73mOl77qBATH,414
yYh8x5hC6nxh1Wd,26
yaamaashitaa,53
yalnizkartal041,2
ybensnkr888,103
yebekhe,2
yekta52341478,9
young_sheldon1,2
zahra_hp_1,1
zarei_arad,2
zarin_farzad,4
zhina2019,1
zhiyan_shah,166
zone7689,13
zootopiazz,3
