screen_name,user_key,label_binary,split,has_text_model,n_text_tweets
Dokhi_sag,dokhi_sag,0,train,1,3
History_Wall,history_wall,0,train,1,15
corrrdeliiiaaa,corrrdeliiiaaa,0,train,1,2
ahmad_313m,ahmad_313m,0,train,1,1
kouresh_kabir,kouresh_kabir,0,train,1,50
zone7689,zone7689,1,train,1,13
rahar9075,rahar9075,1,train,1,50
rahayee_,rahayee_,0,train,1,1
NaderSoltanpour,nadersoltanpour,0,train,1,1
fatemeh_sadat91,fatemeh_sadat91,0,train,1,1
NilaBehzadi,nilabehzadi,0,train,1,4
Nokhod_f,nokhod_f,0,train,1,1
dariush_omran,dariush_omran,0,train,1,1
XPishik,xpishik,0,train,1,50
FarhadiIvar,farhadiivar,0,train,1,1
SavaSavadkoohi,savasavadkoohi,0,train,1,37
soozi2244,soozi2244,0,train,1,1
TNitrT,tnitrt,0,train,1,12
moslehiali,moslehiali,0,train,1,1
khormal0098,khormal0098,0,train,1,25
Thank_you_Dj,thank_you_dj,0,train,1,41
KingBacker1,kingbacker1,1,train,1,15
FattahiFarzad,fattahifarzad,0,train,1,1
SasanAmjadi,sasanamjadi,0,train,1,1
cafeandisheh,cafeandisheh,0,train,1,3
noodlesss1990,noodlesss1990,0,train,1,50
Sokoot3333,sokoot3333,1,train,1,2
CaramelCakeeee,caramelcakeeee,0,train,1,3
Cheguevara_Amir,cheguevara_amir,0,train,1,1
persian_warior,persian_warior,0,train,1,6
KnightAnahita19,knightanahita19,0,train,1,50
Birdofpeacelove,birdofpeacelove,0,train,1,17
ItsKouroshKabir,itskouroshkabir,1,train,1,5
sandys_khor,sandys_khor,0,train,1,1
siavash_sepehr0,siavash_sepehr0,0,train,1,50
vanheda97,vanheda97,0,train,1,21
StupidJalal,stupidjalal,0,train,1,2
iranovsky,iranovsky,0,train,1,24
riokhosravi,riokhosravi,0,train,1,50
Radiomashrooteh,radiomashrooteh,0,train,1,8
YepremKhann,yepremkhann,0,train,1,44
DavariAbdolreza,davariabdolreza,0,train,1,1
Sepideh52191550,sepideh52191550,1,train,1,50
IrTimes,irtimes,0,train,1,1
FXMNDLSN,fxmndlsn,0,train,1,3
avantgardearses,avantgardearses,0,train,1,24
MahdaviLeily,mahdavileily,0,train,1,1
Maryam_Rajavi,maryam_rajavi,0,train,1,2
rahaaaman,rahaaaman,0,train,1,1
mahsa_300,mahsa_300,1,train,1,50
agha_rashti2,agha_rashti2,0,train,1,50
maanii_a,maanii_a,0,train,1,3
Armin19910215,armin19910215,0,train,1,1
MajidTavakolii,majidtavakolii,0,train,1,1
Overthrower_,overthrower_,0,train,1,8
benyamin_aras,benyamin_aras,0,train,1,1
reptile_fight,reptile_fight,0,train,1,50
RezaS27,rezas27,0,train,1,11
zarei_arad,zarei_arad,1,train,1,2
Armanjasoor,armanjasoor,1,train,1,50
2002Kingfox,2002kingfox,0,train,1,38
inazkam,inazkam,0,train,1,1
xBx73mOl77qBATH,xbx73mol77qbath,0,train,1,50
parspersian,parspersian,0,train,1,50
Mmlekate,mmlekate,0,train,1,5
Hossein_68_38,hossein_68_38,0,train,1,15
M0rtezaaaa,m0rtezaaaa,1,train,1,46
ShahramMakoui48,shahrammakoui48,0,train,1,39
pirouzimm,pirouzimm,0,train,1,2
Mahmoud55791825,mahmoud55791825,1,train,1,13
Pahlavi433726,pahlavi433726,0,train,1,19
PMOIRAN,pmoiran,1,train,1,2
nasrinraj,nasrinraj,0,train,1,2
Tinaaa2048,tinaaa2048,0,train,1,50
PsrAsfhan27734,psrasfhan27734,0,train,1,3
kshahrooz,kshahrooz,0,train,1,4
mobarez_nastooh,mobarez_nastooh,0,train,1,1
pahlavi_davoud,pahlavi_davoud,0,train,1,1
Solo_Commando,solo_commando,0,train,1,35
mihanimarzban03,mihanimarzban03,0,train,1,9
siaayrom,siaayrom,1,train,1,1
miladpoureisa,miladpoureisa,0,train,1,1
fairghh,fairghh,0,train,1,37
kaykhosrow5,kaykhosrow5,0,train,1,50
nimania,nimania,0,train,1,3
Khosrowalikord2,khosrowalikord2,0,train,1,1
Rayan9717,rayan9717,0,train,1,7
amin1917,amin1917,0,train,1,8
Najibnaik,najibnaik,0,train,1,1
neo_pahlavism1,neo_pahlavism1,1,train,1,21
IRANIAZAD140,iraniazad140,1,train,1,20
ebrahimi_mazyar,ebrahimi_mazyar,0,train,1,50
kouroch7,kouroch7,0,train,1,50
ab_ganji,ab_ganji,0,train,1,1
HirAn_irani,hiran_irani,0,train,1,50
GhorbaniiNiyak,ghorbaniiniyak,0,train,1,10
LadyJusticeIran,ladyjusticeiran,0,train,1,10
limondar0,limondar0,0,train,1,28
shirkhaan69,shirkhaan69,0,train,1,14
Behzadhamrahi,behzadhamrahi,0,train,1,5
Ivar_lathbrug2,ivar_lathbrug2,0,train,1,50
Majidirani99,majidirani99,0,train,1,46
Mooniter,mooniter,0,train,1,1
irandokht_20,irandokht_20,0,train,1,33
MohammadSigari,mohammadsigari,0,train,1,1
LocallAndia,locallandia,0,train,1,50
ba262626,ba262626,0,train,1,5
DarkSheepRise,darksheeprise,0,train,1,1
The_Doonald,the_doonald,1,train,1,3
Sonofthebeach22,sonofthebeach22,0,train,1,16
Ted_homan1361,ted_homan1361,0,train,1,1
amiretemadi,amiretemadi,0,train,1,2
milaniabbas,milaniabbas,1,train,1,1
DanaMehraban,danamehraban,0,train,1,21
Fakhravar,fakhravar,0,train,1,2
Azadlavasani,azadlavasani,0,train,1,5
adam_hesabi1,adam_hesabi1,0,train,1,8
TonyFreeman2015,tonyfreeman2015,0,train,1,10
merlin_a_h,merlin_a_h,0,train,1,50
shadisadr,shadisadr,0,train,1,2
RadmehrSiavash,radmehrsiavash,0,train,1,1
rasulbajelan,rasulbajelan,0,train,1,9
ali_bitarafan5,ali_bitarafan5,0,train,1,1
iraj63569385,iraj63569385,0,train,1,50
mard_meshki,mard_meshki,0,train,1,4
ArteshAriamehr,arteshariamehr,0,train,1,50
darwinsabouri,darwinsabouri,0,train,1,1
Tanha_5566,tanha_5566,0,train,1,14
kayvanabbassi,kayvanabbassi,0,train,1,1
LiberalArtist00,liberalartist00,0,train,1,2
IranNewsAgency0,irannewsagency0,1,train,1,50
Zimmermann____,zimmermann____,1,train,1,50
nastaran8888,nastaran8888,1,train,1,16
dariush2023,dariush2023,1,train,1,13
shirinkhanomam,shirinkhanomam,0,train,1,1
amirmoghadam_ir,amirmoghadam_ir,0,train,1,1
aminkhss,aminkhss,0,train,1,1
alinaghi2018,alinaghi2018,0,train,1,16
SushyanPahlavi,sushyanpahlavi,0,train,1,50
protester0101,protester0101,0,train,1,2
shino_sdch,shino_sdch,0,train,1,28
kasrakarimi3,kasrakarimi3,0,train,1,50
FAZEL_TWT,fazel_twt,0,train,1,1
agha_xavier2,agha_xavier2,0,train,1,29
Awat_Baggio,awat_baggio,0,train,1,10
itshamedfard,itshamedfard,0,train,1,48
hardseltzerr,hardseltzerr,0,train,1,2
Moradian_ir,moradian_ir,0,train,1,1
arash_tehran,arash_tehran,0,train,1,5
YasiPatriot,yasipatriot,0,train,1,50
AlinejadMasih,alinejadmasih,0,train,1,2
CemalK25777Cema,cemalk25777cema,1,train,1,50
brgsht8970,brgsht8970,0,train,1,9
RealPersianGod,realpersiangod,0,train,1,33
ArdavanMofid,ardavanmofid,0,train,1,4
HananyaPersian,hananyapersian,0,train,1,12
EboshiJasmine,eboshijasmine,0,train,1,8
golberg2582,golberg2582,1,train,1,50
MayraYazdari,mayrayazdari,0,train,1,3
AccuracyHHM,accuracyhhm,0,train,1,50
RADOCLUB,radoclub,0,train,1,30
Ftmh_zhra_jnde,ftmh_zhra_jnde,0,train,1,12
MadariSarzamin,madarisarzamin,0,train,1,5
hadint83,hadint83,0,train,1,1
keykemiveyi,keykemiveyi,1,train,1,50
Nasim_zephyr,nasim_zephyr,1,train,1,50
FAli1969,fali1969,0,train,1,21
PanteaRasouli,pantearasouli,1,train,1,26
firstzorba1,firstzorba1,0,train,1,16
kouli2017,kouli2017,0,train,1,1
Reddington_LA,reddington_la,0,train,1,38
jalilparsi,jalilparsi,0,train,1,4
HosseinAshtarii,hosseinashtarii,0,train,1,2
shooresh57,shooresh57,0,train,1,50
vajname,vajname,0,train,1,1
ANUBIS_GOD2,anubis_god2,0,train,1,50
Aramofen,aramofen,0,train,1,50
ViemonX,viemonx,0,train,1,50
roshanak_ast,roshanak_ast,0,train,1,5
amir41355273,amir41355273,1,train,1,50
Arrested_voice,arrested_voice,0,train,1,50
mohammadd4456,mohammadd4456,0,train,1,1
MohammadSaam_M,mohammadsaam_m,0,train,1,1
GhassemiAbi,ghassemiabi,0,train,1,50
Me_Unstoppable2,me_unstoppable2,0,train,1,9
pouriazeraati,pouriazeraati,0,train,1,3
TaraMedric,taramedric,0,train,1,29
BardiaGarshasbi,bardiagarshasbi,0,train,1,21
fcpii_official,fcpii_official,0,train,1,4
aliemamiofnyc,aliemamiofnyc,0,train,1,27
KFravahar,kfravahar,0,train,1,50
yebekhe,yebekhe,0,train,1,2
Hosein_Golzar75,hosein_golzar75,1,train,1,1
Scorpionofiran1,scorpionofiran1,0,train,1,2
Bermooda1380739,bermooda1380739,1,train,1,50
lexi__princess,lexi__princess,0,train,1,10
Iranaryan2579,iranaryan2579,0,train,1,50
NaghmeL,naghmel,1,train,1,50
_Hassan_sabbah_,_hassan_sabbah_,0,train,1,1
trollsiasi,trollsiasi,0,train,1,50
oshtb,oshtb,0,train,1,50
IRAANBAAN,iraanbaan,1,train,1,50
BELOVEDIRAAAAN,belovediraaaan,0,train,1,2
artesh_shah,artesh_shah,0,train,1,50
BB_Goal,bb_goal,1,train,1,27
Mahizadyaar,mahizadyaar,0,train,1,32
cpiparty,cpiparty,0,train,1,2
azadsocial_,azadsocial_,0,train,1,1
siavosh48,siavosh48,0,train,1,6
koteh_bamishi,koteh_bamishi,0,train,1,3
Jo5x8HaTcF3o5Px,jo5x8hatcf3o5px,0,train,1,50
mrhosein00,mrhosein00,0,train,1,5
baaarzaaakh,baaarzaaakh,0,train,1,19
yYh8x5hC6nxh1Wd,yyh8x5hc6nxh1wd,1,train,1,26
mabi182,mabi182,0,train,1,20
GreyWol08482159,greywol08482159,1,train,1,4
L0mpan,l0mpan,0,train,1,50
georg_patriot,georg_patriot,0,train,1,18
jabijoon26588,jabijoon26588,1,train,1,50
adam_hesabi,adam_hesabi,0,train,1,50
LawdanBazargan,lawdanbazargan,1,train,1,1
ssaallaar,ssaallaar,1,train,1,10
Delban_Sa,delban_sa,0,train,1,6
realfarid7,realfarid7,0,train,1,1
Nilgonbanoo,nilgonbanoo,0,train,1,4
Tymsar2578,tymsar2578,1,train,1,1
Im_zhozefin,im_zhozefin,0,train,1,4
shahira60210003,shahira60210003,1,train,1,50
mohammadsoltann,mohammadsoltann,0,train,1,1
ariyaii_rahjoo,ariyaii_rahjoo,0,train,1,11
esmaeilion,esmaeilion,0,train,1,1
atheistChild789,atheistchild789,0,train,1,5
keyonek1,keyonek1,0,train,1,1
HegeI_javan,hegei_javan,0,train,1,50
netvand,netvand,0,train,1,3
LadiKhanom,ladikhanom,0,train,1,1
Sssccpp,sssccpp,0,train,1,5
Kourosh634,kourosh634,1,train,1,50
ahampay,ahampay,0,train,1,18
iraj_mesdaghi,iraj_mesdaghi,1,train,1,1
enferadi_shode,enferadi_shode,0,train,1,50
RezaRez11109331,rezarez11109331,1,train,1,39
chehre3521,chehre3521,0,train,1,10
nazanin7,nazanin7,0,train,1,50
proudlypersian1,proudlypersian1,0,train,1,50
RufusBeyn,rufusbeyn,1,train,1,2
starbombaIR,starbombair,0,train,1,28
Bob00033791,bob00033791,0,train,1,3
pasargadguard,pasargadguard,0,train,1,50
mandela08940434,mandela08940434,0,train,1,1
hoda2728,hoda2728,0,train,1,50
PanteaPeyvandi,panteapeyvandi,0,train,1,50
afshari_aku,afshari_aku,0,train,1,4
mehdimmj,mehdimmj,0,train,1,1
shahii1984,shahii1984,0,train,1,35
javadsimin,javadsimin,0,train,1,1
6njeli,6njeli,0,train,1,15
hajmaameed,hajmaameed,0,train,1,2
rezayyyyyyy,rezayyyyyyy,0,train,1,9
megamaniran,megamaniran,1,train,1,2
HosseinGhatib,hosseinghatib,0,train,1,1
Mard62881776,mard62881776,0,train,1,30
RezaVaisi,rezavaisi,0,train,1,1
eliiranabad,eliiranabad,1,train,1,17
JananKhorram,janankhorram,0,train,1,50
IranImmortals,iranimmortals,0,train,1,7
Baranaryaee2,baranaryaee2,1,train,1,50
king_fishpoet,king_fishpoet,0,train,1,50
NapelOn_daii,napelon_daii,0,train,1,50
jwd06342045,jwd06342045,0,train,1,11
sohrab_siyavosh,sohrab_siyavosh,1,train,1,50
5anazazana5,5anazazana5,0,train,1,6
Bahram2541,bahram2541,0,train,1,8
upuouo,upuouo,1,train,1,15
voltaireiran,voltaireiran,0,train,1,50
AkhoondeMorde,akhoondemorde,0,train,1,41
Sadaf__12,sadaf__12,0,train,1,1
Bachejirjirak,bachejirjirak,0,train,1,30
Ffarhad7412,ffarhad7412,1,train,1,50
aokurucz,aokurucz,1,train,1,50
Gard_e_Javidan,gard_e_javidan,0,train,1,50
sirous15,sirous15,1,train,1,50
REZAKH__,rezakh__,0,train,1,2
Sheyda_RI,sheyda_ri,0,train,1,5
alirzadabir,alirzadabir,0,train,1,1
nafasjan903269,nafasjan903269,0,train,1,1
SiamakGhassemi,siamakghassemi,0,train,1,1
Aryammehr_2,aryammehr_2,0,train,1,50
farshadeashour,farshadeashour,0,train,1,5
Sheina__,sheina__,0,train,1,1
kharmagas_UK,kharmagas_uk,0,train,1,2
akhtar1989,akhtar1989,0,train,1,7
max_mad777,max_mad777,0,train,1,7
Baran27922,baran27922,0,train,1,50
margbar3fased,margbar3fased,0,train,1,12
Alireza7553,alireza7553,0,train,1,11
prime_factor_,prime_factor_,0,train,1,2
Arad60292050,arad60292050,1,train,1,50
rezatorkamand,rezatorkamand,0,train,1,46
kharkhali,kharkhali,0,train,1,12
samirkh1389,samirkh1389,1,train,1,6
drfalahatpishe,drfalahatpishe,0,train,1,1
Bahar00452227,bahar00452227,0,train,1,1
HichkasOfficial,hichkasofficial,0,train,1,1
aalchaa,aalchaa,0,train,1,5
sasanrahimpour1,sasanrahimpour1,1,train,1,50
zootopiazz,zootopiazz,0,train,1,3
inventor_kevin,inventor_kevin,0,train,1,50
PeaceHappyJoy,peacehappyjoy,0,train,1,38
Iraneshghal,iraneshghal,1,train,1,12
AhmadySetareh,ahmadysetareh,0,train,1,4
BehzadZara,behzadzara,1,train,1,37
hamidsanati6661,hamidsanati6661,0,train,1,25
ryaniran,ryaniran,0,train,1,1
Mahnush_A,mahnush_a,0,train,1,50
Peleja11,peleja11,1,train,1,24
Ansari_Bahman,ansari_bahman,0,train,1,2
Kamran99575602,kamran99575602,0,train,1,50
Iranistics_UT,iranistics_ut,0,train,1,2
Lilium52709755,lilium52709755,0,train,1,1
NaaserXA,naaserxa,0,train,1,5
KamranMatin,kamranmatin,0,train,1,1
AliAlimartin893,alialimartin893,0,train,1,50
crissss_sh,crissss_sh,1,train,1,1
vahid__bahman,vahid__bahman,0,train,1,6
Behrouzjt,behrouzjt,0,train,1,4
Tondbad3,tondbad3,1,train,1,3
KarimSnowman,karimsnowman,1,train,1,1
ZananFirouzehie,zananfirouzehie,1,train,1,10
mahrokh19726311,mahrokh19726311,0,train,1,50
bardi1980,bardi1980,0,train,1,14
IRAN_javid863,iran_javid863,0,train,1,50
TahsinZhaleh,tahsinzhaleh,0,train,1,50
tanhatak5112,tanhatak5112,0,train,1,3
samadiHosein,samadihosein,1,train,1,4
chawshin_83,chawshin_83,0,train,1,2
omiddana19,omiddana19,0,train,1,3
NikiPatriot,nikipatriot,0,train,1,50
AmirHadiAnvari,amirhadianvari,0,train,1,2
AmiinMosavii94,amiinmosavii94,0,train,1,1
YRnESzv9zRLIXuQ,yrneszv9zrlixuq,0,train,1,50
IraniMamoka,iranimamoka,0,train,1,39
mirakh838,mirakh838,0,train,1,1
Camel6561,camel6561,0,train,1,50
khalaji_mehdi,khalaji_mehdi,0,train,1,1
R0tterdamer,r0tterdamer,0,train,1,2
FereydounJRL,fereydounjrl,0,train,1,3
atheistcyrus,atheistcyrus,0,train,1,50
Ario1401,ario1401,0,train,1,50
Adlin_SheHulk,adlin_shehulk,0,train,1,50
Diiyako_ir,diiyako_ir,0,train,1,41
ketn7912,ketn7912,0,train,1,13
AliZolg85051503,alizolg85051503,1,train,1,20
abdolah_abdi,abdolah_abdi,0,train,1,3
Chetoriarzeshi,chetoriarzeshi,0,train,1,7
BobbyHeravi,bobbyheravi,0,train,1,6
ANTYTHEZIS,antythezis,0,train,1,25
Iran_Mehr_2016,iran_mehr_2016,0,train,1,1
ServinPooryamin,servinpooryamin,0,train,1,50
runykeyoldpics,runykeyoldpics,0,train,1,3
bashirtash,bashirtash,0,train,1,1
CheNahaara,chenahaara,0,train,1,50
persepolis78,persepolis78,0,train,1,5
ImNotMarsh,imnotmarsh,1,train,1,1
yaamaashitaa,yaamaashitaa,0,train,1,50
searusM,searusm,0,train,1,5
baharr_ali,baharr_ali,0,train,1,1
king_Sarab47,king_sarab47,0,train,1,1
GenJahanbani,genjahanbani,1,train,1,3
EghbaliBabak,eghbalibabak,0,train,1,3
Forouzandy,forouzandy,0,train,1,4
RezaS49,rezas49,0,train,1,42
homeyramis,homeyramis,0,train,1,50
Sho_Ber_5,sho_ber_5,0,train,1,36
Fariba60867811,fariba60867811,0,train,1,4
sedaye_mardoom,sedaye_mardoom,0,train,1,2
BabakShekarabi,babakshekarabi,0,train,1,31
morrysafi,morrysafi,0,train,1,12
flexcr7,flexcr7,0,train,1,2
estemnayi1,estemnayi1,0,train,1,1
BParnian1,bparnian1,0,train,1,34
fuzakeruna16,fuzakeruna16,0,train,1,4
LisaDaftari,lisadaftari,0,train,1,3
siamakfarid,siamakfarid,0,train,1,1
Verethragnan,verethragnan,0,train,1,50
israelrouydad,israelrouydad,0,train,1,50
aryaieeasil,aryaieeasil,0,train,1,41
HiwaTubeAI2,hiwatubeai2,1,train,1,50
AngelOnDuty06,angelonduty06,1,train,1,50
hadinik,hadinik,0,train,1,1
saman_sarraf,saman_sarraf,0,train,1,50
foster_spar,foster_spar,0,train,1,1
california123AA,california123aa,0,train,1,50
suuoozanam,suuoozanam,0,train,1,4
shahnazteherani,shahnazteherani,0,train,1,5
gh0lch0magh,gh0lch0magh,0,train,1,1
ariamehr104,ariamehr104,0,train,1,16
rahe_AZADI_5,rahe_azadi_5,1,train,1,50
iranaxis,iranaxis,0,train,1,1
Alighazizade,alighazizade,0,train,1,1
saeed_akbari39,saeed_akbari39,1,train,1,50
policenama1401,policenama1401,0,train,1,14
Pirooz25372,pirooz25372,0,train,1,50
pirozzzzzzzzz,pirozzzzzzzzz,0,train,1,50
ShawnaAzad2,shawnaazad2,0,train,1,8
majidfallah11,majidfallah11,0,train,1,9
arezoubehrang_,arezoubehrang_,0,train,1,50
MehranShirazii,mehranshirazii,0,train,1,50
IranianArts,iranianarts,0,train,1,1
SHAYA9000,shaya9000,1,train,1,18
SamanArbabi,samanarbabi,0,train,1,1
PIISHGOO,piishgoo,1,train,1,2
kalaq666,kalaq666,1,train,1,14
BeniSabti,benisabti,0,train,1,3
Katierebel2nd,katierebel2nd,1,train,1,50
HosseiniRouzbeh,hosseinirouzbeh,0,train,1,30
ArminNavabi,arminnavabi,0,train,1,1
Nasrinrose1,nasrinrose1,0,train,1,2
simurgh2580,simurgh2580,0,train,1,19
steveimcqueen,steveimcqueen,0,train,1,50
H_2Arya,h_2arya,0,train,1,11
mohammad2zab,mohammad2zab,0,train,1,1
imdearie2,imdearie2,0,train,1,50
Persian_picture,persian_picture,0,train,1,12
golrokhiraee,golrokhiraee,0,train,1,1
abelbalb,abelbalb,0,train,1,1
sanazazanas,sanazazanas,0,train,1,11
VidaSarafraz,vidasarafraz,0,train,1,50
KathyMobarez,kathymobarez,1,train,1,50
marianmeyer0,marianmeyer0,1,train,1,15
hossein_d15,hossein_d15,0,train,1,1
MardomakOnline,mardomakonline,0,train,1,10
AriaOmid,ariaomid,0,train,1,3
Parvin965631051,parvin965631051,1,train,1,4
PahlaviahoraeeP,pahlaviahoraeep,1,train,1,50
LakLak_Muzik,laklak_muzik,0,train,1,1
sadeghZibakalam,sadeghzibakalam,0,train,1,1
BamdadPirouzi,bamdadpirouzi,1,train,1,50
MohajranIran,mohajraniran,0,train,1,16
hadimehrane1,hadimehrane1,0,train,1,2
SabaBakhtyari,sababakhtyari,0,train,1,10
RustaMasoud,rustamasoud,0,train,1,23
ardeshir1387,ardeshir1387,0,train,1,34
onlymuratt,onlymuratt,0,train,1,6
AbiDel23952698,abidel23952698,0,train,1,8
iman_inj,iman_inj,0,train,1,4
honarparvar2020,honarparvar2020,0,train,1,3
Ebne_noah,ebne_noah,0,train,1,38
IranLionness,iranlionness,0,train,1,1
Benyami1980,benyami1980,1,train,1,2
Shirzad1968,shirzad1968,0,train,1,33
shaheen_ir,shaheen_ir,0,train,1,1
hightesla,hightesla,1,train,1,3
Saeed48920740,saeed48920740,1,train,1,3
BugsBuny90,bugsbuny90,0,train,1,50
nooralitoon,nooralitoon,0,train,1,2
trumppersia,trumppersia,0,train,1,7
F7_Arash,f7_arash,0,train,1,2
SalmanSima,salmansima,0,train,1,10
shayan_shahnazi,shayan_shahnazi,0,train,1,50
____ROHI____,____rohi____,0,train,1,10
Tondar1985,tondar1985,0,train,1,50
hosseintajik07,hosseintajik07,1,train,1,15
Arashir22142540,arashir22142540,0,train,1,6
Ariaroshangar,ariaroshangar,1,train,1,15
dkhos,dkhos,0,train,1,1
hassanshariatm5,hassanshariatm5,0,train,1,1
amoopoya,amoopoya,0,train,1,42
ProSHaHansHaaHi,proshahanshaahi,0,train,1,5
JashniMitra,jashnimitra,0,train,1,35
eisa_1355,eisa_1355,0,train,1,1
zarin_farzad,zarin_farzad,0,train,1,4
ordinaryman1980,ordinaryman1980,0,train,1,31
chamli69,chamli69,0,train,1,3
dariush25371,dariush25371,0,train,1,1
Safa_8863,safa_8863,0,train,1,50
Pedar_Bozorgggg,pedar_bozorgggg,0,train,1,6
NoushaEshghi,noushaeshghi,0,train,1,50
Omidam_Hamin,omidam_hamin,0,train,1,4
JahangirTaban,jahangirtaban,0,train,1,6
DamDami,damdami,0,train,1,1
RageAndHope,rageandhope,0,train,1,2
obeydzacany,obeydzacany,1,train,1,50
Nickkhoo_arash,nickkhoo_arash,0,train,1,1
EbneHava,ebnehava,0,train,1,1
BehrouzBoochani,behrouzboochani,0,train,1,1
Baraye_Azadi_,baraye_azadi_,0,train,1,50
sazanist40,sazanist40,0,train,1,1
majid53866855,majid53866855,1,train,1,4
Haleh_Panzer,haleh_panzer,0,train,1,47
Samar_Iran,samar_iran,0,train,1,7
UomoMees,uomomees,0,train,1,50
ggehhry2,ggehhry2,0,train,1,50
MasoudSlii,masoudslii,0,train,1,1
IrBozorg,irbozorg,0,train,1,4
mostafaa_karimi,mostafaa_karimi,0,train,1,1
SaiedehSaideh59,saiedehsaideh59,0,train,1,50
KambizGhafouri,kambizghafouri,0,train,1,1
MehdiHajati,mehdihajati,0,train,1,5
jiar06731264,jiar06731264,1,train,1,23
D0wn_Under,d0wn_under,0,train,1,1
GolestanParsa,golestanparsa,0,train,1,11
BarfiiIran,barfiiiran,1,train,1,50
IranPlateau1,iranplateau1,1,train,1,50
A_Jafarzadeh,a_jafarzadeh,0,train,1,1
AliAghell,aliaghell,0,train,1,2
Neda73Neda,neda73neda,0,train,1,50
Marie36822764,marie36822764,1,train,1,50
mahistan,mahistan,0,train,1,31
parwaz22,parwaz22,0,train,1,35
MahmoudZibaie,mahmoudzibaie,0,train,1,3
sedaye_iran,sedaye_iran,0,train,1,8
saba_khoi,saba_khoi,0,train,1,50
Peroz401939762,peroz401939762,0,train,1,50
MajidH44995071,majidh44995071,1,train,1,25
0mhp037,0mhp037,0,train,1,1
Schahrzad_b,schahrzad_b,0,train,1,17
mery202120,mery202120,0,train,1,26
Masad75405681,masad75405681,1,train,1,8
KhatibiOfficial,khatibiofficial,0,train,1,1
smjm1972,smjm1972,1,train,1,27
Rezahashemi1919,rezahashemi1919,1,train,1,39
MasIoob,masioob,0,train,1,3
Me_Hamed_Myself,me_hamed_myself,0,train,1,3
pegah_shirazi,pegah_shirazi,0,train,1,10
Havin_N5,havin_n5,1,train,1,1
ToukaNeyestani,toukaneyestani,0,train,1,2
FaranakAzad1,faranakazad1,0,train,1,50
naslsokhteh60,naslsokhteh60,0,train,1,26
iran_vdt,iran_vdt,0,train,1,50
navidi49,navidi49,0,train,1,50
green_Amir,green_amir,0,train,1,11
SARBAZEH_VATAN1,sarbazeh_vatan1,0,train,1,7
frarandeh,frarandeh,1,train,1,10
Radman2576,radman2576,0,train,1,7
young_sheldon1,young_sheldon1,0,train,1,2
Malusakam,malusakam,0,train,1,50
roshangarnasl,roshangarnasl,0,train,1,1
navidmajd11,navidmajd11,0,train,1,50
AliHamid27,alihamid27,0,train,1,9
__Injaneb96,__injaneb96,0,train,1,3
hzarkesh,hzarkesh,0,train,1,4
mahdieh_golroo,mahdieh_golroo,0,train,1,1
Amooamirkhan,amooamirkhan,1,train,1,6
AntiProp_aganda,antiprop_aganda,0,train,1,6
AliReza_Hafezi1,alireza_hafezi1,1,train,1,1
Bahar_e_Azadi,bahar_e_azadi,0,train,1,1
abornaei,abornaei,0,train,1,2
_AshkAval_,_ashkaval_,0,train,1,42
quietgirl7319,quietgirl7319,0,train,1,1
jalovemila,jalovemila,1,train,1,50
pahlavikhah43,pahlavikhah43,1,train,1,50
patrick_jane77,patrick_jane77,0,train,1,7
mahboubeh_mdi,mahboubeh_mdi,0,train,1,16
satggin,satggin,0,train,1,50
SHAHIAVID,shahiavid,1,train,1,9
With_pahlavi3,with_pahlavi3,1,train,1,18
Rppress0,rppress0,1,train,1,50
saramobarez1,saramobarez1,1,train,1,50
Miss_Maropelle,miss_maropelle,0,train,1,7
Silmaethdante,silmaethdante,0,train,1,1
DarGoldan2,dargoldan2,0,train,1,18
Nastaran9638495,nastaran9638495,1,train,1,50
LoabatK,loabatk,0,train,1,2
vahid_esmaeilii,vahid_esmaeilii,0,train,1,5
soheili84,soheili84,0,train,1,50
Mayekhal,mayekhal,0,train,1,50
Mr20228,mr20228,1,train,1,14
SinaToossi,sinatoossi,0,train,1,1
Roshanaeii,roshanaeii,0,train,1,12
lnahalllnahall,lnahalllnahall,1,train,1,1
darushirani13,darushirani13,1,train,1,50
Addison77866447,addison77866447,0,train,1,50
parand____,parand____,0,train,1,6
2EXPvZWQ7LLPX4P,2expvzwq7llpx4p,0,train,1,3
hs_maryam,hs_maryam,0,train,1,8
memarsadeghi,memarsadeghi,0,train,1,1
mollah,mollah,0,train,1,8
Sashtyani,sashtyani,0,train,1,3
hastyarrr,hastyarrr,0,train,1,50
daystar98173834,daystar98173834,1,train,1,50
aghachurchill,aghachurchill,0,train,1,14
DrShehabP,drshehabp,0,train,1,34
YarabAydad,yarabaydad,1,train,1,33
Angel71as,angel71as,0,train,1,1
azarbayjanX,azarbayjanx,0,train,1,1
kamalpishvandi,kamalpishvandi,0,train,1,7
Farbodahmadi880,farbodahmadi880,0,train,1,1
omid_AV2,omid_av2,1,train,1,2
Medinfo_X,medinfo_x,0,train,1,4
hambastegi,hambastegi,0,train,1,5
twittbirds7,twittbirds7,1,train,1,8
bernoam,bernoam,0,train,1,2
majidazarpey,majidazarpey,0,train,1,1
NaeimehDoustdar,naeimehdoustdar,0,train,1,1
sababagherii,sababagherii,0,train,1,4
MashinMonee,mashinmonee,1,train,1,3
shararehtalaeii,shararehtalaeii,0,train,1,50
HeKasrehCrisis,hekasrehcrisis,0,train,1,1
MazdakBAMDADAN2,mazdakbamdadan2,0,train,1,3
iranariyayi64,iranariyayi64,1,train,1,45
mojtabanikoo,mojtabanikoo,0,train,1,1
koroshCR7,koroshcr7,1,train,1,11
Mhrdadbarandaz3,mhrdadbarandaz3,1,train,1,50
AplcarolineDr,aplcarolinedr,0,train,1,50
MahnazShirali,mahnazshirali,0,train,1,2
Far_yaddd,far_yaddd,0,train,1,20
ArianArian00,arianarian00,0,train,1,6
HHeLLFireeeeee,hhellfireeeeee,0,train,1,13
seedhossein2111,seedhossein2111,0,train,1,1
Shaheenchevv,shaheenchevv,0,train,1,1
mashrotehorg,mashrotehorg,0,train,1,8
Nemo_Regnum,nemo_regnum,1,train,1,27
Ali49781135,ali49781135,1,train,1,50
Ariamehhr,ariamehhr,0,train,1,3
Mehr_mihan,mehr_mihan,0,train,1,1
NasehMohi,nasehmohi,1,train,1,1
AAzadian2005,aazadian2005,1,train,1,1
SFaeze_Alavi,sfaeze_alavi,0,train,1,50
Roobahyab1,roobahyab1,0,train,1,3
Freedom_of_IR,freedom_of_ir,0,train,1,50
CameronBehzadi,cameronbehzadi,0,train,1,50
RosebudDonKhoan,rosebuddonkhoan,0,train,1,50
SafaiDarya,safaidarya,0,train,1,1
SoleymaniAzadeh,soleymaniazadeh,1,train,1,50
AzadChakavak,azadchakavak,0,train,1,50
freeman010,freeman010,1,train,1,50
sangtarash_azad,sangtarash_azad,0,train,1,1
pahlavi_yasmine,pahlavi_yasmine,1,train,1,3
Iran_Farda1,iran_farda1,0,train,1,13
gohareshghi,gohareshghi,1,train,1,1
Matinkhaledii,matinkhaledii,0,train,1,48
2TOSgzCFJ8VtSJK,2tosgzcfj8vtsjk,0,train,1,4
shah_parast_k,shah_parast_k,1,train,1,50
sheykhbabar2,sheykhbabar2,0,train,1,1
JoOldooz,jooldooz,0,train,1,10
lIshaghayeghlI,lishaghayeghli,0,train,1,37
nargesfnd,nargesfnd,0,train,1,1
tomasshellllby,tomasshellllby,0,train,1,19
ShDelfan,shdelfan,0,train,1,15
LibertyIranian,libertyiranian,0,train,1,5
naslesookhtehh,naslesookhtehh,0,train,1,50
JavidShah0000,javidshah0000,1,train,1,50
007mi00,007mi00,0,train,1,21
DawnAndTheX,dawnandthex,0,train,1,1
leiliii27,leiliii27,0,train,1,34
BeeVan88,beevan88,1,train,1,50
PersianGW,persiangw,0,train,1,50
X4LIREZ4X,x4lirez4x,0,train,1,1
OmidKT62,omidkt62,0,train,1,12
kiarashfarasat1,kiarashfarasat1,0,train,1,12
saeid_555555,saeid_555555,1,train,1,50
m_ojmal,m_ojmal,0,train,1,1
DJHastamMoHo,djhastammoho,0,train,1,50
iranzad_98,iranzad_98,1,train,1,13
itisbatgirl,itisbatgirl,0,train,1,50
Liberti2022,liberti2022,0,train,1,1
remisgp,remisgp,0,train,1,1
haniiiissss1387,haniiiissss1387,0,train,1,30
YaldaRod,yaldarod,0,train,1,1
mojgan07798961,mojgan07798961,0,train,1,50
powerpeople_,powerpeople_,0,train,1,6
iran22851566,iran22851566,1,train,1,50
AmiriySara,amiriysara,0,train,1,2
JC_Constantine1,jc_constantine1,1,train,1,15
DDSBobby,ddsbobby,0,train,1,16
Tanha59977799,tanha59977799,1,train,1,3
Santamorte00,santamorte00,0,train,1,11
Artemizshahdokh,artemizshahdokh,0,train,1,25
Cowboy_datoboy,cowboy_datoboy,0,train,1,1
JavidanIranema,javidaniranema,0,train,1,2
NahidGhani,nahidghani,0,validation,1,16
House_MD11,house_md11,0,validation,1,2
Arezoo_8060,arezoo_8060,0,validation,1,19
matador_khaste,matador_khaste,0,validation,1,24
cryptosamz,cryptosamz,0,validation,1,2
Leila_Arya2,leila_arya2,1,validation,1,50
Arman1828ex,arman1828ex,0,validation,1,2
talaye738,talaye738,1,validation,1,1
777Masiha,777masiha,1,validation,1,3
k_Mostafavi,k_mostafavi,0,validation,1,1
matmat1389,matmat1389,0,validation,1,7
Action4IR,action4ir,0,validation,1,2
siahylashkar,siahylashkar,0,validation,1,6
MbShahnaz,mbshahnaz,0,validation,1,50
interchapga,interchapga,0,validation,1,10
GIV2021,giv2021,1,validation,1,10
JaneVatan,janevatan,0,validation,1,1
Tinabakhshi,tinabakhshi,0,validation,1,15
salarvan_vahid,salarvan_vahid,0,validation,1,1
Ervin_dearcelo2,ervin_dearcelo2,0,validation,1,2
Akhis_pakhis2,akhis_pakhis2,0,validation,1,36
pesarrrr,pesarrrr,1,validation,1,2
derafshkavianee,derafshkavianee,0,validation,1,3
MaximReza3,maximreza3,0,validation,1,50
nav11dd,nav11dd,1,validation,1,4
Arsha45914097,arsha45914097,0,validation,1,2
RBehrouzDO,rbehrouzdo,0,validation,1,50
farashgardii02,farashgardii02,0,validation,1,50
__H59__,__h59__,0,validation,1,9
YaarGhadimi,yaarghadimi,1,validation,1,41
c5GbNjtYsfYcHMr,c5gbnjtysfychmr,1,validation,1,2
IranianPlateau,iranianplateau,0,validation,1,4
SiavashIran,siavashiran,0,validation,1,5
Revolution_R_,revolution_r_,0,validation,1,50
JM_pensylvani,jm_pensylvani,0,validation,1,1
sourenasanto,sourenasanto,0,validation,1,50
tanhayektiger,tanhayektiger,0,validation,1,50
AsbeAtash45,asbeatash45,1,validation,1,50
yekta52341478,yekta52341478,0,validation,1,9
Haghgooie,haghgooie,0,validation,1,1
antipantork1,antipantork1,1,validation,1,2
potypto,potypto,0,validation,1,1
_mendeleev,_mendeleev,0,validation,1,2
SedSia,sedsia,0,validation,1,4
hesamorouji,hesamorouji,0,validation,1,50
mashmolak,mashmolak,1,validation,1,4
NFreeIran2022,nfreeiran2022,0,validation,1,50
hooman__khalili,hooman__khalili,0,validation,1,10
b2Kaveh,b2kaveh,0,validation,1,22
KalavaniSamad,kalavanisamad,0,validation,1,50
ArianMutter,arianmutter,0,validation,1,36
balochestan1422,balochestan1422,0,validation,1,2
Nezha_9515,nezha_9515,1,validation,1,5
ZaneSharghi1358,zanesharghi1358,0,validation,1,1
DeTahmineh,detahmineh,0,validation,1,3
Sinnerlondon,sinnerlondon,0,validation,1,6
nesbyat,nesbyat,0,validation,1,1
mr_yousefi_,mr_yousefi_,0,validation,1,1
NaeimShahi_Nima,naeimshahi_nima,0,validation,1,50
ImamToosi,imamtoosi,0,validation,1,2
azarthepersian,azarthepersian,0,validation,1,10
maryan1810,maryan1810,0,validation,1,28
HatIsRed,hatisred,0,validation,1,3
PahlaviReza,pahlavireza,0,validation,1,29
Serpicoo3,serpicoo3,0,validation,1,1
SooreBoz,sooreboz,0,validation,1,7
ShahinMajelan,shahinmajelan,0,validation,1,46
ARDESHIR005,ardeshir005,0,validation,1,12
Malin54449388,malin54449388,0,validation,1,50
sepahani,sepahani,0,validation,1,8
NR2OH,nr2oh,0,validation,1,2
Hila1363,hila1363,0,validation,1,22
EELKHAN1,eelkhan1,0,validation,1,1
omid_133A,omid_133a,0,validation,1,1
pk20333999,pk20333999,1,validation,1,50
mehrdadbkhtiari,mehrdadbkhtiari,0,validation,1,2
farshidbabaei18,farshidbabaei18,0,validation,1,18
Chobin_pahlavi,chobin_pahlavi,0,validation,1,8
AzadehKhorasan,azadehkhorasan,0,validation,1,50
MRYAZDAN,mryazdan,0,validation,1,9
IMbeatreas,imbeatreas,0,validation,1,50
rosaparto,rosaparto,0,validation,1,1
ybensnkr888,ybensnkr888,0,validation,1,50
Mohamad43059166,mohamad43059166,1,validation,1,5
Giti544,giti544,0,validation,1,50
ElhamOmidvari,elhamomidvari,0,validation,1,4
tanha1358,tanha1358,0,validation,1,1
KingMaziyar,kingmaziyar,1,validation,1,42
parysatis_banoo,parysatis_banoo,0,validation,1,30
saraghavamian,saraghavamian,0,validation,1,23
Kamangir_133,kamangir_133,0,validation,1,6
rahimy166,rahimy166,0,validation,1,50
bidari60,bidari60,0,validation,1,27
LightofRev,lightofrev,0,validation,1,1
foadshams,foadshams,0,validation,1,1
TinaGhazimorad,tinaghazimorad,0,validation,1,3
rasoulipour,rasoulipour,0,validation,1,2
AfshinEllian1,afshinellian1,0,validation,1,1
Dadylongleggpv,dadylongleggpv,0,validation,1,34
irantehran401,irantehran401,0,validation,1,1
Reza__Soleimani,reza__soleimani,0,validation,1,1
18Mandana,18mandana,1,validation,1,11
rrghadi01,rrghadi01,0,validation,1,1
PahlaviKourosh,pahlavikourosh,0,validation,1,50
Parinaz_ETSM,parinaz_etsm,0,validation,1,3
OfficialSimin,officialsimin,0,validation,1,2
Lily92874373,lily92874373,1,validation,1,50
Calling_Parisa,calling_parisa,0,validation,1,50
mahsa_piraei,mahsa_piraei,0,validation,1,1
scharllinn,scharllinn,0,validation,1,10
Siavashshahy,siavashshahy,1,validation,1,3
kiaAbi444,kiaabi444,0,validation,1,1
ANTIAMOONiM,antiamoonim,0,validation,1,50
Tanhatarin00,tanhatarin00,1,validation,1,22
_Jese_Pinkman,_jese_pinkman,0,validation,1,2
AsgharSepehri,asgharsepehri,0,validation,1,6
MaryamSarabii,maryamsarabii,0,validation,1,1
sepiedhia,sepiedhia,0,validation,1,30
AminBehroozi2,aminbehroozi2,0,validation,1,13
baran_mehr36,baran_mehr36,1,validation,1,5
Parsaghobadi123,parsaghobadi123,0,validation,1,4
Pahlavi3vom,pahlavi3vom,1,validation,1,2
AYAyatollahi,ayayatollahi,0,validation,1,1
Ehsanism,ehsanism,0,validation,1,1
ShayanX0,shayanx0,1,validation,1,50
Qaaaasem,qaaaasem,0,validation,1,6
JBehieh,jbehieh,0,validation,1,17
FarbodArian,farbodarian,0,validation,1,25
Hosein40122106,hosein40122106,0,validation,1,2
IQazaal,iqazaal,0,validation,1,1
venus133333,venus133333,1,validation,1,50
drkopii,drkopii,0,validation,1,49
hashemasa,hashemasa,1,validation,1,50
HiwaTubeAI,hiwatubeai,1,validation,1,50
AriamehrAaron,ariamehraaron,1,validation,1,50
Raha_B_E_1,raha_b_e_1,1,validation,1,50
beni_ta1,beni_ta1,0,validation,1,13
ShahbanouFarah,shahbanoufarah,0,validation,1,2
Zagros1402,zagros1402,0,validation,1,50
Arash87kamangir,arash87kamangir,0,validation,1,50
seyedMuostafa,seyedmuostafa,0,validation,1,1
esmailpour_m,esmailpour_m,0,validation,1,2
Asadi222Mehrdad,asadi222mehrdad,0,validation,1,22
1fE0H6Rofed6H0P,1fe0h6rofed6h0p,1,validation,1,24
RezaAhmadi_Lion,rezaahmadi_lion,0,test,1,1
fereidonfz,fereidonfz,0,test,1,2
koruosh2023,koruosh2023,0,test,1,13
RezaSensourfree,rezasensourfree,0,test,1,50
Hosseinla1,hosseinla1,0,test,1,40
Mitra_Jashni,mitra_jashni,0,test,1,13
shahinnajafi80,shahinnajafi80,0,test,1,1
Nationalist101,nationalist101,1,test,1,20
osyangary,osyangary,0,test,1,36
Milad_Aghai1,milad_aghai1,0,test,1,1
saiedshemirani,saiedshemirani,0,test,1,1
pahlavirezacpar,pahlavirezacpar,0,test,1,13
kaveh_shirzad,kaveh_shirzad,0,test,1,2
MuradyDiako,muradydiako,0,test,1,3
hasanakevazir1,hasanakevazir1,0,test,1,10
Mojtabapacino,mojtabapacino,0,test,1,2
Kolmar_kolmar,kolmar_kolmar,0,test,1,15
mostafamehraeen,mostafamehraeen,0,test,0,0
HSheibanyrad,hsheibanyrad,0,test,1,7
knbhgfk,knbhgfk,0,test,1,2
HistoryInPik,historyinpik,0,test,1,2
shortfairy809,shortfairy809,0,test,1,8
alasht_Iran,alasht_iran,0,test,1,50
thesittinggav,thesittinggav,1,test,1,50
Parpanchi,parpanchi,0,test,1,1
simin223316966,simin223316966,0,test,1,50
mahenoghre,mahenoghre,0,test,1,14
Trdigrade,trdigrade,0,test,1,4
iranologyscty,iranologyscty,0,test,1,1
hojjat_kalashi,hojjat_kalashi,0,test,1,22
fardad200,fardad200,0,test,1,50
faribadavodi,faribadavodi,0,test,1,7
Cilia1919,cilia1919,0,test,1,50
PnMd1982,pnmd1982,0,test,1,50
pizza_facey,pizza_facey,0,test,1,50
Klaus70268175,klaus70268175,0,test,1,17
Monarchy34,monarchy34,1,test,1,5
ProjectLeonOnX,projectleononx,0,test,1,31
off734,off734,1,test,1,50
AliEbrahimzade_,aliebrahimzade_,0,test,1,6
Goftaniha,goftaniha,0,test,1,1
Azihastam1,azihastam1,0,test,1,20
mahii_to,mahii_to,1,test,1,1
simonederayeh,simonederayeh,0,test,1,11
sattarkhan121,sattarkhan121,1,test,1,50
Banuyetehrani,banuyetehrani,1,test,1,3
Nemiphos,nemiphos,0,test,1,1
re1001za,re1001za,0,test,1,1
asoupar,asoupar,0,test,1,1
RadmanIrani,radmanirani,0,test,1,18
khodn98,khodn98,0,test,1,11
marytabanejad,marytabanejad,0,test,1,1
JamesDeanUFO,jamesdeanufo,0,test,1,50
soroush_mary,soroush_mary,1,test,1,11
Charchism,charchism,0,test,1,1
SamanthaIrani,samanthairani,0,test,1,50
rayehe_rabi,rayehe_rabi,0,test,1,50
mnz1033,mnz1033,0,test,1,1
dadkhahim,dadkhahim,1,test,1,2
majid_ranjbaran,majid_ranjbaran,0,test,1,50
AriaVatanpour,ariavatanpour,0,test,1,50
arteemis60,arteemis60,1,test,1,8
Bahar__Bahari,bahar__bahari,0,test,1,50
Mosolchi,mosolchi,0,test,1,50
itsgisou,itsgisou,0,test,1,1
arsh9933,arsh9933,0,test,1,50
ardeshiramiri,ardeshiramiri,0,test,1,2
MChok7,mchok7,0,test,1,50
samsarbazvatan,samsarbazvatan,1,test,1,5
Mohadeseh1133,mohadeseh1133,0,test,1,1
alirezakiani2,alirezakiani2,0,test,1,13
MrHiccup42,mrhiccup42,0,test,1,50
ANITABAKT,anitabakt,1,test,1,18
rahaforever4you,rahaforever4you,1,test,1,50
FarzanehAghaei,farzanehaghaei,0,test,1,12
Pegahan__,pegahan__,0,test,1,40
TinaFay1978,tinafay1978,1,test,1,50
KasraAarabi,kasraaarabi,0,test,1,2
iran33k,iran33k,0,test,1,5
MasoodBabapoor,masoodbabapoor,0,test,1,1
Sandisodoleh,sandisodoleh,1,test,1,16
iranwire,iranwire,0,test,1,1
liwooom,liwooom,0,test,1,2
yalnizkartal041,yalnizkartal041,1,test,1,2
Amardiyamm,amardiyamm,0,test,1,1
kazeroonkings,kazeroonkings,1,test,1,50
IranianWoman,iranianwoman,0,test,1,1
Emen43054466,emen43054466,1,test,1,40
Koroshariae2021,koroshariae2021,0,test,1,1
Benyamin_SADR,benyamin_sadr,0,test,1,1
m_rahmanifar,m_rahmanifar,0,test,1,1
SunLight__White,sunlight__white,0,test,1,50
Maryam_Rajavi_P,maryam_rajavi_p,0,test,1,1
partneremma,partneremma,0,test,1,1
shahdadh59,shahdadh59,0,test,1,34
Yasmin4freedom,yasmin4freedom,0,test,1,1
APasserby12,apasserby12,0,test,1,50
ARHAMEL2,arhamel2,0,test,1,50
iran_misazamat,iran_misazamat,1,test,1,50
the_leoleeny,the_leoleeny,0,test,1,2
ParhamRamin,parhamramin,0,test,1,3
niko123niki,niko123niki,0,test,1,50
Alex47778556934,alex47778556934,0,test,1,1
negannegan55,negannegan55,0,test,1,50
F_Mohajerani,f_mohajerani,0,test,1,2
Shahin56802127,shahin56802127,0,test,1,2
Fahimehkhezr,fahimehkhezr,0,test,1,1
farvahar2023,farvahar2023,0,test,1,42
Achaemenid2582,achaemenid2582,0,test,1,17
memar1982,memar1982,0,test,1,1
Hoorieh81,hoorieh81,1,test,1,50
unknownproteste,unknownproteste,0,test,1,50
ariafarpoori,ariafarpoori,0,test,1,50
Maj_mohammadi,maj_mohammadi,1,test,1,1
barayeiran9,barayeiran9,0,test,1,50
naderifar,naderifar,0,test,1,5
frank_1929,frank_1929,0,test,1,11
IamZeus6,iamzeus6,0,test,1,2
ayazi_kamran,ayazi_kamran,1,test,1,17
parsi27871,parsi27871,0,test,1,50
Chahdortt,chahdortt,0,test,1,8
secular_d,secular_d,0,test,1,2
Pro_Pahlavi,pro_pahlavi,1,test,1,50
GhoreishiR,ghoreishir,1,test,1,4
mikhake_noqrehi,mikhake_noqrehi,1,test,1,50
0DZiSITpiiNtEKe,0dzisitpiinteke,0,test,1,50
zhina2019,zhina2019,1,test,1,1
SepehriHamed,sepehrihamed,0,test,1,7
SGhasseminejad,sghasseminejad,0,test,1,13
fereshtehgilaki,fereshtehgilaki,0,test,1,50
abdorezaahmadi,abdorezaahmadi,0,test,1,1
iranianpappppi3,iranianpappppi3,0,test,1,50
nejatbahrami,nejatbahrami,0,test,1,2
rezak121212,rezak121212,0,test,1,50
leiluniran,leiluniran,0,test,1,1
charlychaplin25,charlychaplin25,1,test,1,25
unikador,unikador,0,test,1,36
ShaunToub,shauntoub,0,test,1,1
Homan_You,homan_you,0,test,1,27
goodbadatusa,goodbadatusa,0,test,1,50
zhiyan_shah,zhiyan_shah,0,test,1,50
mahsa8659,mahsa8659,0,test,1,25
fuxy_twite,fuxy_twite,0,test,1,50
alale26361947,alale26361947,1,test,1,1
